Candidate,Item097,Item098,Item100,Item101,Item104,Item105,Item106,Item107,Item108,Item109,Item115,Item116,Item117,Item118,Item119,Item120,Item121,Item122,Item123,Item124,Item125,Item126,Item127,Item128,Item129,Item130,Item131,Item132,Item133,Item134,Item135,Item136,Item137,Item140,Item141,Item142,Item143,Item144,Item157,Item158,Item159,Item160,Item162,Item163,Item164,Item166,Item167,Item168,Item145,Item147,Item148,Item150,Item151,Item152,Item153,Item154,Item155,Item156,Item183,Item184,Item185,Item186,Item187,Item188,Item189,Item190,Item191,Item192
Cand00023,0,1,0,1,0,0,0,1,0,0,1,0,0,1,1,0,0,1,1,1, , , , , , , , , , , , , , , , , , ,1,1,1,0,1,0,0,1,1,0, , , , , , , , , , , , , , , , , , , , 
Cand00026,0,0,0,1,1,0,0,1,1,1,1,1, , , , , , , , ,0,1,0,0,0,0,0,1, , , , , , , , , , ,1,1,1,0,1,0,0,0,0,1, , , , , , , , , , , , , , , , , , , , 
Cand00046,0,1,0,1,0,1,0,0,0,1,1,1,0,1,1,0,0,1,1,1, , , , , , , , , , , , , , , , , , ,0,0,1,0,1,0,1,1,0,1, , , , , , , , , , , , , , , , , , , , 
Cand00052,0,1,1,1,1,1,0,1,0,1,1,0, , , , , , , , ,0,1,1,1,1,0,0,0, , , , , , , , , , , , , , , , , , , , , , , , , , , , , , , , , , , , , , , , 
Cand00079,1,1,1,1,0,1,0,0,0,0,1,1,0,1,1,0,0,1,1,1, , , , , , , , , , , , , , , , , , ,0,0,1,0,1,1,0,1,0,1, , , , , , , , , , , , , , , , , , , , 
Cand00091,0,1,0,1,0,0,0,1,0,0,0,1,0,1,1,1,0,1,1,1, , , , , , , , , , , , , , , , , , ,1,1,0,0,1,0,0,1,1,1, , , , , , , , , , , , , , , , , , , , 
Cand00092,0,1,0,1,1,0,0,0,0,0,1,1,0,1,1,0,0,0,1,1, , , , , , , , , , , , , , , , , , ,1,1,1,0,1,0,0,0,1,0, , , , , , , , , , , , , , , , , , , , 
Cand00095,0,1,0,1,0,0,0,0,0,1,1,0,0,1,1,0,0,0,1,1, , , , , , , , , , , , , , , , , , , , , , , , , , , , ,0,1,0,1,0,0,1,0,1,0, , , , , , , , , , 
Cand00098,0,1,0,1,0,1,0,0,0,0,1,0,0,1,1,0,0,0,1,1, , , , , , , , , , , , , , , , , , ,1,1,1,0,0,0,0,1,0,0, , , , , , , , , , , , , , , , , , , , 
Cand00099,0,1,1,1,1,1,0,1,0,0,1,1, , , , , , , , ,0,1,1,0,1,0,1,0, , , , , , , , , , ,1,0,1,0,1,0,0,1,1,0, , , , , , , , , , , , , , , , , , , , 
Cand00110,1,1,1,1,1,1,1,1,0,1,1,1, , , , , , , , ,0,1,1,0,1,0,1,0, , , , , , , , , , , , , , , , , , , , , , , , , , , , , , ,1,1,1,0,1,0,1,1,0,1
Cand00118,0,0,0,0,0,0,0,0,0,0,1,0,0,0,1,0,0,0,1,1, , , , , , , , ,0,1,0,1,1,0,1,1,0,1, , , , , , , , , , , , , , , , , , , , , , , , , , , , , , 
Cand00128,0,1,0,1,1,1,0,1,0,1,1,1, , , , , , , , ,0,1,1,0,1,0,0,0, , , , , , , , , , ,1,1,0,0,1,1,0,1,0,1, , , , , , , , , , , , , , , , , , , , 
Cand00141,0,0,0,1,0,1,0,1,0,0,1,0,0,1,1,0,1,0,1,1, , , , , , , , , , , , , , , , , , , , , , , , , , , , ,0,0,0,1,0,1,0,0,1,0, , , , , , , , , , 
Cand00157,0,0,0,1,1,1,0,0,0,0,1,0,0,1,1,0,0,0,1,1, , , , , , , , , , , , , , , , , , , , , , , , , , , , ,0,0,0,1,0,1,0,0,0,0, , , , , , , , , , 
Cand00166,0,1,0,1,1,0,0,0,0,1,0,0,0,1,1,0,0,0,1,1, , , , , , , , , , , , , , , , , , ,0,1,1,0,1,0,1,0,1,1, , , , , , , , , , , , , , , , , , , , 
Cand00168,0,1,0,1,1,1,0,1,0,0,1,0, , , , , , , , ,0,1,0,0,1,1,0,0, , , , , , , , , , ,0,1,1,0,1,0,0,1,0,1, , , , , , , , , , , , , , , , , , , , 
Cand00178,1,1,1,1,1,1,0,1,0,1,0,0, , , , , , , , ,0,1,0,0,0,0,1,0, , , , , , , , , , ,1,1,1,0,0,1,0,1,1,1, , , , , , , , , , , , , , , , , , , , 
Cand00180,0,0,1,1,1,0,0,1,0,0,1,1, , , , , , , , ,0,1,1,1,0,0,0,0, , , , , , , , , , ,0,1,1,0,0,0,0,0,0,0, , , , , , , , , , , , , , , , , , , , 
Cand00181,1,1,1,1,1,0,0,1,0,0,1,1, , , , , , , , ,0,0,1,0,0,0,1,0, , , , , , , , , , ,1,0,1,0,1,0,1,0,0,0, , , , , , , , , , , , , , , , , , , , 
Cand00182,0,1,0,1,0,1,0,1,0,0,1,0,0,0,1,0,0,0,0,1, , , , , , , , , , , , , , , , , , , , , , , , , , , , ,0,1,0,1,1,0,0,0,0,0, , , , , , , , , , 
Cand00186,0,1,0,1,1,1,0,1,0,1,1,1, , , , , , , , ,0,0,0,0,1,0,0,0, , , , , , , , , , ,1,1,1,0,1,0,0,0,0,1, , , , , , , , , , , , , , , , , , , , 
Cand00199,0,1,0,0,1,1,0,1,0,1,1,0,0,1,1,0,0,0,1,1, , , , , , , , , , , , , , , , , , ,0,1,1,0,1,0,1,1,1,1, , , , , , , , , , , , , , , , , , , , 
Cand00216,0,1,0,1,1,1,0,1,0,0,1,0, , , , , , , , ,1,1,1,0,0,0,0,0, , , , , , , , , , ,1,1,1,0,0,0,1,1,0,1, , , , , , , , , , , , , , , , , , , , 
Cand00237,1,1,0,1,1,0,0,1,0,0,1,0,1,1,1,0,0,0,1,1, , , , , , , , , , , , , , , , , , ,0,0,1,1,1,0,0,1,0,1, , , , , , , , , , , , , , , , , , , , 
Cand00246,0,0,0,0,1,1,0,1,0,0,1,1,0,1,1,0,1,1,1,1, , , , , , , , , , , , , , , , , , ,0,1,1,0,1,1,1,1,1,1, , , , , , , , , , , , , , , , , , , , 
Cand00249,0,1,0,1,1,1,1,1,0,0,1,1, , , , , , , , ,0,1,1,0,0,0,1,0, , , , , , , , , , ,1,0,1,0,0,0,0,1,0,0, , , , , , , , , , , , , , , , , , , , 
Cand00256,0,1,0,0,1,1,1,1,0,1,1,0, , , , , , , , ,0,1,1,0,0,1,1,0, , , , , , , , , , ,1,1,1,1,1,0,0,1,0,1, , , , , , , , , , , , , , , , , , , , 
Cand00260,0,0,0,1,1,0,0,0,0,1,1,0,1,0,1,0,0,0,1,1, , , , , , , , , , , , , , , , , , , , , , , , , , , , ,0,1,0,1,0,0,0,1,1,0, , , , , , , , , , 
Cand00271,0,1,1,1,1,1,0,1,0,0,1,1, , , , , , , , ,1,1,0,0,0,0,0,0, , , , , , , , , , ,0,1,1,0,1,0,0,1,0,1, , , , , , , , , , , , , , , , , , , , 
Cand00280,0,0,0,1,1,1,0,0,0,0,0,1,0,0,1,0,0,0,0,1, , , , , , , , , , , , , , , , , , , , , , , , , , , , ,0,0,0,1,1,1,0,0,0,0, , , , , , , , , , 
Cand00284,0,1,0,0,1,1,1,1,0,0,1,1, , , , , , , , ,1,1,1,0,1,0,1,0, , , , , , , , , , , , , , , , , , , , , , , , , , , , , , , , , , , , , , , , 
Cand00285,0,1,1,1,1,1,0,1,0,1,1,1, , , , , , , , ,0,1,1,0,0,0,1,0, , , , , , , , , , , , , , , , , , , , , , , , , , , , , , , , , , , , , , , , 
Cand00302,1,1,0,1,1,1,1,1,0,1,1,1, , , , , , , , ,0,1,1,0,1,0,1,0, , , , , , , , , , , , , , , , , , , , , , , , , , , , , , ,1,1,1,1,0,0,1,0,0,1
Cand00330,1,1,1,1,1,1,1,1,0,1,1,1, , , , , , , , ,0,1,1,0,1,0,1,0, , , , , , , , , , , , , , , , , , , , , , , , , , , , , , ,1,1,0,1,0,0,1,1,0,1
Cand00342,0,1,0,1,0,0,0,0,0,1,1,0,0,1,0,0,0,0,0,0, , , , , , , , ,0,1,0,1,1,1,0,1,0,1, , , , , , , , , , , , , , , , , , , , , , , , , , , , , , 
Cand00344,1,0,0,1,0,0,0,1,0,0,1,1,0,0,1,0,0,0,1,1, , , , , , , , , , , , , , , , , , ,1,0,1,1,0,1,1,1,0,1, , , , , , , , , , , , , , , , , , , , 
Cand00347,0,1,1,0,1,1,0,0,0,1,1,0,0,1,1,0,0,1,1,1, , , , , , , , , , , , , , , , , , ,1,0,1,0,1,0,0,1,1,0, , , , , , , , , , , , , , , , , , , , 
Cand00361,0,1,0,1,1,1,0,1,0,1,1,1, , , , , , , , ,0,1,1,0,0,0,1,0, , , , , , , , , , ,1,1,1,0,1,0,0,0,0,1, , , , , , , , , , , , , , , , , , , , 
Cand00372,0,1,0,0,0,1,0,1,1,0,0,1,0,1,1,0,0,1,1,1, , , , , , , , , , , , , , , , , , ,1,0,1,0,1,1,0,1,0,0, , , , , , , , , , , , , , , , , , , , 
Cand00389,0,1,0,0,1,0,0,1,0,0,1,0,0,1,1,1,0,0,0,1, , , , , , , , , , , , , , , , , , , , , , , , , , , , ,0,0,0,0,1,1,1,0,0,0, , , , , , , , , , 
Cand00391,0,1,0,1,1,0,0,0,0,1,1,0,0,1,1,0,0,0,1,1, , , , , , , , , , , , , , , , , , ,0,1,1,0,0,0,0,1,0,0, , , , , , , , , , , , , , , , , , , , 
Cand00407,1,1,0,1,0,1,1,1,1,1,1,1, , , , , , , , ,0,1,1,0,1,1,1,1, , , , , , , , , , , , , , , , , , , , , , , , , , , , , , ,0,1,1,1,1,0,1,1,0,1
Cand00422,0,1,0,1,0,1,0,1,1,0,1,0,0,1,1,0,1,0,1,1, , , , , , , , , , , , , , , , , , ,1,0,1,1,1,0,0,1,1,1, , , , , , , , , , , , , , , , , , , , 
Cand00429,0,1,0,1,1,1,0,1,0,0,1,0, , , , , , , , ,0,1,1,0,0,0,0,0, , , , , , , , , , ,0,1,1,0,0,0,0,1,0,0, , , , , , , , , , , , , , , , , , , , 
Cand00443,1,1,1,1,1,1,1,1,0,1,1,1, , , , , , , , ,0,1,1,0,0,0,0,0, , , , , , , , , , , , , , , , , , , , , , , , , , , , , , , , , , , , , , , , 
Cand00444,0,0,0,1,1,0,0,0,0,1,1,0,0,0,1,0,0,1,1,1, , , , , , , , , , , , , , , , , , ,0,0,0,0,1,0,0,1,0,1, , , , , , , , , , , , , , , , , , , , 
Cand00448,0,1,0,1,0,1,0,0,0,0,0,0,0,1,1,0,1,0,1,1, , , , , , , , , , , , , , , , , , , , , , , , , , , , ,0,1,0,1,1,1,1,0,0,0, , , , , , , , , , 
Cand00471,0,0,0,1,0,0,0,0,0,0,1,0,0,0,0,0,0,0,1,0, , , , , , , , ,0,0,0,0,0,0,0,0,0,1, , , , , , , , , , , , , , , , , , , , , , , , , , , , , , 
Cand00475,0,1,0,1,1,1,0,1,0,0,0,1,0,1,1,0,0,1,1,1, , , , , , , , , , , , , , , , , , ,0,1,1,0,0,0,0,0,1,0, , , , , , , , , , , , , , , , , , , , 
Cand00478,0,1,0,1,0,1,0,1,0,0,1,1,0,1,1,0,0,1,1,1, , , , , , , , , , , , , , , , , , ,1,1,1,0,1,0,0,1,0,1, , , , , , , , , , , , , , , , , , , , 
Cand00481,0,1,1,1,0,1,1,1,0,0,1,0,0,0,1,0,0,1,1,1, , , , , , , , , , , , , , , , , , ,0,1,1,0,1,0,0,0,0,1, , , , , , , , , , , , , , , , , , , , 
Cand00517,0,1,0,1,1,0,1,1,0,1,1,0, , , , , , , , ,0,0,0,0,0,0,1,0, , , , , , , , , , ,1,1,1,1,1,1,0,1,1,1, , , , , , , , , , , , , , , , , , , , 
Cand00544,0,0,1,1,1,1,0,1,0,1,1,1, , , , , , , , ,0,0,1,0,1,1,1,0, , , , , , , , , , ,1,1,1,0,1,1,1,0,1,1, , , , , , , , , , , , , , , , , , , , 
Cand00589,0,1,0,1,1,1,0,0,0,0,0,1,0,1,1,0,0,0,1,1, , , , , , , , , , , , , , , , , , ,0,0,0,0,1,0,0,1,1,1, , , , , , , , , , , , , , , , , , , , 
Cand00605,0,1,0,1,1,1,0,1,0,0,1,1,0,1,1,0,0,0,1,1, , , , , , , , , , , , , , , , , , ,1,0,0,0,0,0,0,1,1,0, , , , , , , , , , , , , , , , , , , , 
Cand00609,0,1,0,1,0,1,0,1,0,0,1,0,0,0,1,0,0,1,1,1, , , , , , , , , , , , , , , , , , ,1,1,1,1,1,0,0,1,0,1, , , , , , , , , , , , , , , , , , , , 
Cand00618,0,1,0,1,1,0,0,1,0,1,1,0,0,1,1,0,0,0,1,1, , , , , , , , , , , , , , , , , , ,0,0,0,0,0,0,0,0,0,0, , , , , , , , , , , , , , , , , , , , 
Cand00657,1,1,0,1,0,1,0,0,0,1,1,0, , , , , , , , ,0,1,0,0,1,0,1,0, , , , , , , , , , ,0,1,1,0,1,0,0,1,0,0, , , , , , , , , , , , , , , , , , , , 
Cand00668,1,1,1,1,0,1,0,1,0,1,1,1, , , , , , , , ,1,1,1,0,1,0,0,0, , , , , , , , , , , , , , , , , , , , , , , , , , , , , , , , , , , , , , , , 
Cand00688,0,1,0,0,0,1,0,0,0,0,1,0,0,1,1,0,0,1,0,1, , , , , , , , , , , , , , , , , , , , , , , , , , , , ,0,0,0,0,1,0,1,1,1,0, , , , , , , , , , 
Cand00694,0,1,0,1,1,1,1,1,0,1,1,0, , , , , , , , ,0,1,0,0,0,0,1,0, , , , , , , , , , ,1,1,1,0,1,1,0,0,1,1, , , , , , , , , , , , , , , , , , , , 
Cand00695,1,1,0,1,1,0,0,1,0,0,0,0,0,0,1,0,0,0,1,1, , , , , , , , , , , , , , , , , , , , , , , , , , , , ,0,1,0,0,0,0,0,0,1,0, , , , , , , , , , 
Cand00707,0,1,0,0,1,0,0,1,0,0,1,0,0,0,1,0,0,0,1,1, , , , , , , , , , , , , , , , , , , , , , , , , , , , ,0,0,0,1,1,0,0,0,0,0, , , , , , , , , , 
Cand00715,0,0,0,0,0,0,0,0,0,0,0,0,0,1,1,0,0,0,1,1, , , , , , , , ,0,0,1,0,1,1,0,0,0,1, , , , , , , , , , , , , , , , , , , , , , , , , , , , , , 
Cand00722,0,1,0,0,0,1,0,0,0,1,1,1,0,1,1,0,0,0,1,1, , , , , , , , , , , , , , , , , , ,0,0,0,0,0,0,0,0,0,1, , , , , , , , , , , , , , , , , , , , 
Cand00725,1,1,0,1,0,1,0,0,0,1,1,0,0,1,1,0,0,0,1,1, , , , , , , , , , , , , , , , , , ,1,0,1,0,1,0,0,0,1,1, , , , , , , , , , , , , , , , , , , , 
Cand00735,1,1,1,1,1,1,1,1,0,1,1,1, , , , , , , , ,0,1,1,0,0,0,1,0, , , , , , , , , , , , , , , , , , , , , , , , , , , , , , , , , , , , , , , , 
Cand00737,0,1,0,1,1,0,0,1,0,0,1,0,0,1,1,0,0,0,0,1, , , , , , , , , , , , , , , , , , ,1,0,1,0,1,0,0,0,0,0, , , , , , , , , , , , , , , , , , , , 
Cand00754,1,1,0,1,0,0,0,1,0,1,0,0,0,0,1,0,0,0,1,1, , , , , , , , , , , , , , , , , , ,1,1,1,0,1,1,0,1,0,1, , , , , , , , , , , , , , , , , , , , 
Cand00762,0,1,0,0,0,0,0,1,0,0,1,0,0,1,1,0,0,0,1,1, , , , , , , , , , , , , , , , , , , , , , , , , , , , ,0,0,0,0,0,1,0,0,0,0, , , , , , , , , , 
Cand00778,1,1,0,1,1,1,0,1,0,1,1,1, , , , , , , , ,0,1,1,0,1,0,1,0, , , , , , , , , , , , , , , , , , , , , , , , , , , , , , , , , , , , , , , , 
Cand00783,0,1,0,1,1,0,0,1,0,0,0,0,0,1,1,0,0,0,1,1, , , , , , , , , , , , , , , , , , ,1,1,1,0,1,0,0,1,0,1, , , , , , , , , , , , , , , , , , , , 
Cand00789,0,1,1,0,1,0,0,0,0,0,0,1,0,1,1,0,0,0,1,1, , , , , , , , , , , , , , , , , , , , , , , , , , , , ,0,1,0,1,0,1,0,1,1,0, , , , , , , , , , 
Cand00799,0,0,0,1,1,1,0,1,0,0,1,1, , , , , , , , ,0,1,0,0,0,0,0,0, , , , , , , , , , ,0,0,1,0,1,1,0,0,0,0, , , , , , , , , , , , , , , , , , , , 
Cand00801,0,1,1,1,0,1,0,0,0,1,1,1, , , , , , , , ,0,1,1,0,0,0,1,0, , , , , , , , , , ,1,0,1,0,0,0,0,0,1,1, , , , , , , , , , , , , , , , , , , , 
Cand00831,0,1,1,1,1,1,0,0,0,1,0,0,0,1,1,0,1,1,0,1, , , , , , , , , , , , , , , , , , ,1,0,1,0,1,0,1,1,0,1, , , , , , , , , , , , , , , , , , , , 
Cand00832,0,1,0,1,1,1,1,1,0,0,1,0, , , , , , , , ,0,0,0,0,0,0,0,0, , , , , , , , , , ,1,1,1,0,1,0,0,1,1,0, , , , , , , , , , , , , , , , , , , , 
Cand00835,0,0,0,1,0,0,0,1,0,0,1,1,1,1,1,0,0,1,1,1, , , , , , , , , , , , , , , , , , ,0,1,1,0,1,0,0,0,1,1, , , , , , , , , , , , , , , , , , , , 
Cand00839,0,1,0,1,1,1,0,1,0,0,1,0, , , , , , , , ,0,0,1,0,0,0,0,0, , , , , , , , , , ,1,1,1,0,0,1,1,0,1,1, , , , , , , , , , , , , , , , , , , , 
Cand00843,1,1,1,1,1,1,1,1,0,1,1,1, , , , , , , , ,0,1,0,0,0,1,1,0, , , , , , , , , , , , , , , , , , , , , , , , , , , , , , , , , , , , , , , , 
Cand00882,0,1,0,0,0,1,0,0,0,1,0,1,0,0,1,0,0,0,1,1, , , , , , , , ,0,1,1,0,0,0,1,0,1,1, , , , , , , , , , , , , , , , , , , , , , , , , , , , , , 
Cand00883,1,1,0,1,1,1,0,1,0,1,1,0, , , , , , , , ,0,1,1,0,0,0,1,0, , , , , , , , , , ,0,0,0,0,0,0,0,1,0,1, , , , , , , , , , , , , , , , , , , , 
Cand00885,1,1,1,1,1,1,0,1,0,1,1,1, , , , , , , , ,0,1,1,0,0,1,1,0, , , , , , , , , , ,1,1,1,0,1,0,0,1,1,1, , , , , , , , , , , , , , , , , , , , 
Cand00893,0,1,1,1,0,1,1,1,0,1,1,0, , , , , , , , ,0,1,0,0,0,0,0,0, , , , , , , , , , ,1,1,1,1,1,0,0,1,0,1, , , , , , , , , , , , , , , , , , , , 
Cand00901,0,1,0,1,0,0,0,0,0,0,0,0,0,0,1,0,0,0,0,1, , , , , , , , ,0,1,1,0,1,0,0,1,0,1, , , , , , , , , , , , , , , , , , , , , , , , , , , , , , 
Cand00904,1,1,0,1,0,0,0,0,0,1,1,0,1,1,1,0,0,0,0,1, , , , , , , , , , , , , , , , , , ,0,0,1,1,1,0,0,1,0,0, , , , , , , , , , , , , , , , , , , , 
Cand00905,1,0,0,1,1,1,0,1,0,0,1,1, , , , , , , , ,0,1,0,0,1,0,0,0, , , , , , , , , , ,0,1,0,0,1,0,0,1,0,0, , , , , , , , , , , , , , , , , , , , 
Cand00914,0,1,0,1,1,0,0,1,0,0,1,0,1,1,1,0,0,0,1,1, , , , , , , , , , , , , , , , , , ,0,0,1,0,1,0,0,1,1,1, , , , , , , , , , , , , , , , , , , , 
Cand00930,1,1,1,1,1,1,0,1,1,1,1,1, , , , , , , , ,1,1,1,0,0,0,0,0, , , , , , , , , , , , , , , , , , , , , , , , , , , , , , , , , , , , , , , , 
Cand00944,0,0,1,1,0,0,0,0,0,0,0,0,0,1,1,0,0,0,1,1, , , , , , , , , , , , , , , , , , , , , , , , , , , , ,0,0,0,0,0,0,0,0,1,0, , , , , , , , , , 
Cand00948,0,1,0,1,1,1,0,0,0,0,1,0,0,1,1,0,0,1,1,0, , , , , , , , , , , , , , , , , , , , , , , , , , , , ,1,1,0,0,0,0,1,0,0,0, , , , , , , , , , 
Cand00949,0,1,0,1,0,1,0,0,0,0,1,0,0,1,1,0,0,0,1,1, , , , , , , , , , , , , , , , , , ,0,1,1,0,1,0,0,1,1,1, , , , , , , , , , , , , , , , , , , , 
Cand00956,0,1,1,1,1,0,0,1,0,0,1,1, , , , , , , , ,0,1,1,0,0,0,0,0, , , , , , , , , , ,1,1,1,0,0,1,0,1,1,1, , , , , , , , , , , , , , , , , , , , 
Cand00968,0,0,0,1,0,1,0,0,0,0,0,0,0,0,1,0,0,0,1,1, , , , , , , , , , , , , , , , , , , , , , , , , , , , ,0,1,0,0,0,1,1,1,0,0, , , , , , , , , , 
Cand00973,0,1,0,1,1,0,0,0,0,0,1,0,0,1,1,0,0,0,1,1, , , , , , , , , , , , , , , , , , ,0,0,1,0,1,0,0,1,0,1, , , , , , , , , , , , , , , , , , , , 
Cand00991,0,1,1,1,1,1,0,0,0,1,1,1, , , , , , , , ,0,1,0,0,1,0,1,0, , , , , , , , , , ,1,1,1,1,1,0,0,1,1,1, , , , , , , , , , , , , , , , , , , , 
Cand00993,0,1,0,1,0,1,0,0,0,0,1,1,0,1,1,0,1,1,1,1, , , , , , , , , , , , , , , , , , ,1,0,1,0,1,0,0,1,0,1, , , , , , , , , , , , , , , , , , , , 
Cand01008,0,1,0,1,0,1,1,1,0,0,1,0, , , , , , , , ,0,1,1,0,1,0,0,0, , , , , , , , , , ,1,1,1,1,1,0,0,1,0,1, , , , , , , , , , , , , , , , , , , , 
Cand01013,0,0,0,0,0,0,0,0,0,0,0,0,1,1,1,0,0,1,1,1, , , , , , , , , , , , , , , , , , , , , , , , , , , , ,0,0,0,1,0,0,0,0,0,0, , , , , , , , , , 
Cand01015,1,1,0,1,1,1,0,1,0,0,1,1, , , , , , , , ,0,1,1,0,0,0,1,0, , , , , , , , , , ,1,1,1,0,1,1,0,0,0,1, , , , , , , , , , , , , , , , , , , , 
Cand01021,1,1,1,1,1,1,1,0,0,0,1,0, , , , , , , , ,0,1,1,0,1,0,1,0, , , , , , , , , , ,1,1,1,1,1,1,0,1,1,1, , , , , , , , , , , , , , , , , , , , 
Cand01028,0,1,0,1,0,1,0,0,0,1,1,1,1,1,1,0,0,0,1,1, , , , , , , , , , , , , , , , , , ,0,0,1,0,0,1,0,1,0,0, , , , , , , , , , , , , , , , , , , , 
Cand01031,1,1,0,1,1,1,0,1,0,1,1,1, , , , , , , , ,0,1,0,0,1,0,1,0, , , , , , , , , , ,1,0,1,0,1,1,0,1,0,1, , , , , , , , , , , , , , , , , , , , 
Cand01052,0,1,0,1,1,1,0,0,0,1,1,0,0,1,1,0,0,1,1,1, , , , , , , , , , , , , , , , , , ,1,0,1,0,0,0,0,1,0,1, , , , , , , , , , , , , , , , , , , , 
Cand01078,0,0,0,1,0,1,0,1,0,0,1,0,0,1,1,0,0,0,1,1, , , , , , , , , , , , , , , , , , ,0,0,1,0,0,0,0,0,0,0, , , , , , , , , , , , , , , , , , , , 
Cand01096,0,0,0,0,1,1,0,0,0,0,1,0,1,0,1,0,0,0,0,1, , , , , , , , , , , , , , , , , , , , , , , , , , , , ,0,0,0,0,1,0,0,0,1,0, , , , , , , , , , 
Cand01100,0,0,0,1,0,1,0,1,0,1,1,0,0,1,1,0,0,0,1,1, , , , , , , , , , , , , , , , , , ,0,1,0,1,0,0,0,1,0,1, , , , , , , , , , , , , , , , , , , , 
Cand01104,0,1,0,0,0,0,0,0,0,0,0,0,0,1,1,0,0,0,0,1, , , , , , , , ,1,1,1,0,1,0,0,0,0,1, , , , , , , , , , , , , , , , , , , , , , , , , , , , , , 
Cand01126,0,0,0,1,0,1,0,0,0,0,0,1,0,1,1,0,0,1,1,1, , , , , , , , , , , , , , , , , , , , , , , , , , , , ,0,0,0,1,1,1,0,0,0,0, , , , , , , , , , 
Cand01133,0,1,0,1,1,1,1,0,0,1,1,0, , , , , , , , ,0,1,0,0,0,0,0,0, , , , , , , , , , ,1,1,1,1,0,1,0,0,0,0, , , , , , , , , , , , , , , , , , , , 
Cand01143,1,1,1,0,0,0,0,1,0,0,1,1,0,1,1,0,0,1,1,1, , , , , , , , , , , , , , , , , , ,0,1,0,0,0,0,0,1,1,1, , , , , , , , , , , , , , , , , , , , 
Cand01149,0,1,0,0,1,0,0,1,0,1,1,0,0,1,1,0,0,0,0,1, , , , , , , , , , , , , , , , , , , , , , , , , , , , ,0,0,0,0,0,1,0,0,0,0, , , , , , , , , , 
Cand01165,0,1,0,1,1,1,0,1,0,0,1,0,0,0,1,0,0,0,1,1, , , , , , , , , , , , , , , , , , , , , , , , , , , , ,0,0,0,1,0,0,0,0,0,0, , , , , , , , , , 
Cand01174,0,1,0,1,0,1,0,0,0,0,0,0,0,0,0,0,0,0,0,1, , , , , , , , ,0,1,0,1,1,0,0,1,0,1, , , , , , , , , , , , , , , , , , , , , , , , , , , , , , 
Cand01176,0,0,0,0,0,0,0,0,0,0,0,1,0,1,0,0,0,0,1,1, , , , , , , , ,0,0,0,0,1,0,0,0,0,1, , , , , , , , , , , , , , , , , , , , , , , , , , , , , , 
Cand01185,0,1,1,0,0,1,0,1,0,1,1,1, , , , , , , , ,0,1,0,0,1,0,0,0, , , , , , , , , , ,1,1,1,0,1,0,0,1,1,1, , , , , , , , , , , , , , , , , , , , 
Cand01201,1,1,0,1,1,0,0,1,0,0,1,0, , , , , , , , ,0,0,1,0,0,0,0,0, , , , , , , , , , ,0,1,1,0,1,0,0,1,1,1, , , , , , , , , , , , , , , , , , , , 
Cand01209,0,1,1,1,1,0,0,1,0,1,1,0, , , , , , , , ,0,1,0,0,0,0,1,0, , , , , , , , , , ,0,1,1,0,0,0,0,1,0,1, , , , , , , , , , , , , , , , , , , , 
Cand01215,0,1,0,1,1,1,0,1,0,0,1,0,0,0,1,0,0,1,1,1, , , , , , , , , , , , , , , , , , ,1,0,1,0,1,0,1,1,0,1, , , , , , , , , , , , , , , , , , , , 
Cand01223,0,1,0,1,0,0,0,0,0,0,1,0,0,1,1,0,0,0,1,1, , , , , , , , , , , , , , , , , , ,0,0,0,0,1,0,0,1,0,0, , , , , , , , , , , , , , , , , , , , 
Cand01234,0,0,0,1,1,0,0,1,0,0,1,1,0,1,1,0,0,0,0,1, , , , , , , , , , , , , , , , , , ,1,0,1,0,1,0,1,1,0,0, , , , , , , , , , , , , , , , , , , , 
Cand01259,0,1,1,0,1,0,0,0,0,0,1,0,1,0,1,0,0,0,1,1, , , , , , , , , , , , , , , , , , ,0,0,1,0,1,0,0,0,0,1, , , , , , , , , , , , , , , , , , , , 
Cand01267,0,1,0,1,1,1,0,0,0,0,1,0,1,1,1,0,0,0,1,1, , , , , , , , , , , , , , , , , , ,1,1,1,0,0,0,0,1,0,0, , , , , , , , , , , , , , , , , , , , 
Cand01286,1,1,0,1,1,1,0,1,0,1,1,0, , , , , , , , ,0,1,1,0,0,0,1,0, , , , , , , , , , ,1,1,1,0,1,1,0,1,0,0, , , , , , , , , , , , , , , , , , , , 
Cand01296,1,1,0,0,1,1,0,1,1,0,1,1, , , , , , , , ,0,1,0,0,1,0,1,0, , , , , , , , , , ,1,0,0,0,0,0,0,1,0,1, , , , , , , , , , , , , , , , , , , , 
Cand01299,0,1,0,1,1,1,0,0,0,0,0,1,0,1,1,0,0,0,1,1, , , , , , , , , , , , , , , , , , ,1,1,1,1,1,0,1,1,0,1, , , , , , , , , , , , , , , , , , , , 
Cand01321,1,1,1,1,1,1,1,1,1,0,1,1, , , , , , , , ,1,1,1,0,1,1,1,0, , , , , , , , , , , , , , , , , , , , , , , , , , , , , , ,1,0,1,0,1,0,1,0,1,0
Cand01323,0,1,0,1,1,0,0,0,0,0,1,0,0,1,1,0,0,1,1,1, , , , , , , , , , , , , , , , , , ,0,0,1,0,1,0,1,1,0,1, , , , , , , , , , , , , , , , , , , , 
Cand01325,0,0,0,1,1,0,0,0,0,1,1,0,0,1,1,0,0,1,1,1, , , , , , , , , , , , , , , , , , ,0,0,1,0,1,0,0,1,0,1, , , , , , , , , , , , , , , , , , , , 
Cand01327,1,1,0,1,1,0,0,0,0,1,1,0,0,1,1,0,0,0,1,1, , , , , , , , , , , , , , , , , , ,1,1,1,0,1,0,0,1,0,1, , , , , , , , , , , , , , , , , , , , 
Cand01336,1,1,1,1,1,1,1,1,0,1,1,1, , , , , , , , ,0,1,1,0,1,1,1,0, , , , , , , , , , , , , , , , , , , , , , , , , , , , , , , , , , , , , , , , 
Cand01347,0,1,0,1,0,1,0,1,0,1,1,0,0,1,1,0,0,0,1,1, , , , , , , , , , , , , , , , , , ,1,0,1,0,0,0,0,0,0,0, , , , , , , , , , , , , , , , , , , , 
Cand01353,0,1,0,1,1,1,1,1,0,0,1,0, , , , , , , , ,0,1,1,0,0,0,0,0, , , , , , , , , , ,1,1,1,0,1,1,0,1,0,0, , , , , , , , , , , , , , , , , , , , 
Cand01369,1,1,1,1,1,1,1,0,0,0,1,0, , , , , , , , ,0,1,0,0,0,0,0,0, , , , , , , , , , ,1,1,1,0,0,0,0,1,1,1, , , , , , , , , , , , , , , , , , , , 
Cand01376,0,1,0,1,1,1,0,1,0,1,1,1, , , , , , , , ,0,1,1,0,0,0,1,0, , , , , , , , , , ,1,1,1,0,0,0,1,0,0,0, , , , , , , , , , , , , , , , , , , , 
Cand01395,0,1,1,1,0,1,0,0,0,0,0,0,0,0,1,0,0,0,0,1, , , , , , , , , , , , , , , , , , , , , , , , , , , , ,0,1,0,0,0,0,1,0,0,0, , , , , , , , , , 
Cand01412,0,1,0,1,1,1,0,1,0,0,0,0,0,1,1,0,0,0,1,1, , , , , , , , , , , , , , , , , , , , , , , , , , , , ,0,1,0,0,0,1,1,0,1,0, , , , , , , , , , 
Cand01418,0,1,1,1,0,0,0,1,0,0,1,0,0,1,1,1,0,0,1,1, , , , , , , , , , , , , , , , , , ,1,0,1,0,1,0,0,0,0,1, , , , , , , , , , , , , , , , , , , , 
Cand01422,0,0,0,1,0,0,0,0,0,0,1,1,0,0,1,0,0,1,1,1, , , , , , , , , , , , , , , , , , , , , , , , , , , , ,0,1,0,0,1,1,0,0,0,0, , , , , , , , , , 
Cand01424,0,1,1,1,1,1,0,1,0,1,1,1, , , , , , , , ,0,1,1,0,1,1,0,0, , , , , , , , , , , , , , , , , , , , , , , , , , , , , , , , , , , , , , , , 
Cand01429,0,1,0,1,0,1,0,0,0,0,0,0,1,1,1,0,1,0,1,1, , , , , , , , , , , , , , , , , , ,0,0,1,0,0,0,0,1,0,1, , , , , , , , , , , , , , , , , , , , 
Cand01437,0,1,0,1,1,0,0,1,0,1,1,0,0,1,1,0,0,0,0,1, , , , , , , , , , , , , , , , , , ,1,1,1,0,1,0,0,1,1,0, , , , , , , , , , , , , , , , , , , , 
Cand01442,0,1,0,1,1,0,0,0,0,1,0,0,0,0,1,0,0,0,1,1, , , , , , , , , , , , , , , , , , , , , , , , , , , , ,0,0,0,0,0,1,0,0,0,0, , , , , , , , , , 
Cand01444,0,1,0,1,1,1,0,0,0,0,1,1,0,1,1,0,0,0,1,1, , , , , , , , , , , , , , , , , , ,1,1,0,0,0,0,0,1,0,0, , , , , , , , , , , , , , , , , , , , 
Cand01449,0,1,0,1,0,0,0,1,0,0,0,0,0,0,1,0,0,0,1,1, , , , , , , , , , , , , , , , , , , , , , , , , , , , ,0,0,0,1,0,0,0,0,0,0, , , , , , , , , , 
Cand01459,0,1,0,0,0,1,0,0,0,0,0,0,0,1,1,0,0,0,1,1, , , , , , , , ,1,0,0,0,1,0,0,0,0,0, , , , , , , , , , , , , , , , , , , , , , , , , , , , , , 
Cand01460,0,0,0,1,1,0,0,1,0,1,1,0,0,1,1,0,0,0,1,1, , , , , , , , , , , , , , , , , , , , , , , , , , , , ,0,1,0,1,0,0,1,0,0,1, , , , , , , , , , 
Cand01461,0,1,0,1,1,1,0,0,0,1,1,0,0,1,1,0,0,0,1,0, , , , , , , , , , , , , , , , , , ,1,0,1,1,0,0,0,0,0,1, , , , , , , , , , , , , , , , , , , , 
Cand01463,0,0,0,1,1,1,0,1,0,0,1,0,0,1,1,0,0,0,1,1, , , , , , , , , , , , , , , , , , ,1,0,0,0,1,0,0,1,1,0, , , , , , , , , , , , , , , , , , , , 
Cand01466,0,1,0,0,1,1,0,0,0,0,1,1,0,1,1,0,0,1,1,1, , , , , , , , , , , , , , , , , , ,1,0,0,1,0,0,1,1,0,1, , , , , , , , , , , , , , , , , , , , 
Cand01485,1,1,0,1,1,1,1,1,1,1,1,1, , , , , , , , ,0,1,1,1,0,0,1,0, , , , , , , , , , , , , , , , , , , , , , , , , , , , , , , , , , , , , , , , 
Cand01486,0,1,0,0,0,0,0,0,0,0,0,0,0,0,1,0,0,0,0,0, , , , , , , , ,0,0,1,0,1,0,1,0,0,0, , , , , , , , , , , , , , , , , , , , , , , , , , , , , , 
Cand01487,1,1,1,1,1,1,1,1,1,1,1,1, , , , , , , , ,1,1,1,0,1,1,1,0, , , , , , , , , , , , , , , , , , , , , , , , , , , , , , ,1,1,1,1,0,0,1,0,0,1
Cand01492,1,1,0,1,1,1,0,1,1,1,1,0, , , , , , , , ,0,1,1,0,0,0,0,0, , , , , , , , , , ,0,1,1,0,1,0,0,1,1,1, , , , , , , , , , , , , , , , , , , , 
Cand01508,0,1,0,1,1,1,0,1,1,1,1,0, , , , , , , , ,0,0,1,0,1,0,0,0, , , , , , , , , , ,1,1,1,0,1,1,0,1,1,1, , , , , , , , , , , , , , , , , , , , 
Cand01525,0,1,0,1,0,0,0,0,0,0,1,0,0,1,1,0,0,0,1,1, , , , , , , , , , , , , , , , , , , , , , , , , , , , ,0,0,0,1,0,0,1,0,0,0, , , , , , , , , , 
Cand01526,0,1,0,0,0,1,0,1,0,0,1,1,0,1,1,0,0,0,0,1, , , , , , , , , , , , , , , , , , , , , , , , , , , , ,0,0,0,1,1,0,1,0,1,0, , , , , , , , , , 
Cand01529,0,1,0,1,1,1,0,1,0,1,1,1, , , , , , , , ,0,1,1,0,0,0,1,0,1,1,1,0,0,0,0,1,0,1,,,,,,,,,,, , , , , , , , , , , , , , , , , , , , 
Cand01542,0,1,0,1,1,1,0,1,0,0,1,1, , , , , , , , ,0,1,1,0,1,0,1,0,1,1,1,0,1,0,0,1,0,1,,,,,,,,,,, , , , , , , , , , , , , , , , , , , , 
Cand01560,0,1,0,1,0,1,1,1,0,0,1,0,0,1,0,0,0,0,1,1, , , , , , , , ,0,0,0,1,0,0,0,0,0,0,,,,,,,,,,, , , , , , , , , , , , , , , , , , , , 
Cand01564,0,1,0,1,0,1,0,1,0,1,1,1, , , , , , , , ,0,1,0,1,0,0,1,0, , , , , , , , , , ,0,1,1,0,1,0,0,0,0,1, , , , , , , , , , , , , , , , , , , , 
Cand01582,0,1,0,1,1,0,0,0,0,0,1,0,0,0,1,0,0,0,1,1, , , , , , , , , , , , , , , , , , , , , , , , , , , , ,0,0,0,0,0,0,0,0,0,0, , , , , , , , , , 
Cand01597,1,1,0,1,1,0,0,1,0,1,1,0, , , , , , , , ,0,1,1,0,1,0,1,0, , , , , , , , , , ,1,1,1,0,1,0,1,1,0,0, , , , , , , , , , , , , , , , , , , , 
Cand01599,0,1,0,1,1,1,0,0,0,0,0,0,1,0,1,0,0,0,1,1, , , , , , , , , , , , , , , , , , , , , , , , , , , , ,0,0,0,1,1,0,0,0,0,0, , , , , , , , , , 
Cand01603,0,1,0,1,1,1,0,1,0,0,1,0,0,0,1,0,0,0,1,1, , , , , , , , , , , , , , , , , , ,0,0,1,0,1,0,0,0,0,1, , , , , , , , , , , , , , , , , , , , 
Cand01609,1,1,0,1,1,1,0,1,0,0,0,0,0,1,1,0,0,0,1,1, , , , , , , , , , , , , , , , , , ,0,1,1,0,0,0,0,1,0,1, , , , , , , , , , , , , , , , , , , , 
Cand01634,0,1,1,1,1,1,1,1,0,0,1,1, , , , , , , , ,0,1,1,0,1,0,0,0, , , , , , , , , , , , , , , , , , , , , , , , , , , , , , , , , , , , , , , , 
Cand01640,0,1,1,1,1,1,1,1,0,1,1,1, , , , , , , , ,1,1,0,0,0,1,1,0, , , , , , , , , , , , , , , , , , , , , , , , , , , , , , , , , , , , , , , , 
Cand01644,0,0,0,1,1,1,0,1,0,1,1,0,0,1,1,0,0,1,1,1, , , , , , , , , , , , , , , , , , ,0,0,1,0,0,0,0,0,0,1, , , , , , , , , , , , , , , , , , , , 
Cand01654,1,1,1,1,1,1,1,1,0,0,1,1, , , , , , , , ,0,1,1,0,1,1,1,0, , , , , , , , , , , , , , , , , , , , , , , , , , , , , , ,1,0,0,0,0,0,0,0,0,1
Cand01670,1,1,0,1,0,1,0,1,0,1,1,0, , , , , , , , ,0,1,0,1,0,0,0,0, , , , , , , , , , ,1,1,1,1,1,0,0,0,0,1, , , , , , , , , , , , , , , , , , , , 
Cand01683,1,0,0,1,1,0,1,1,0,1,1,1, , , , , , , , ,0,1,0,0,1,0,0,0, , , , , , , , , , ,0,1,1,1,1,0,0,0,0,0, , , , , , , , , , , , , , , , , , , , 
Cand01685,0,1,0,0,0,1,0,1,0,1,0,0,0,0,0,0,0,1,1,1, , , , , , , , , , , , , , , , , , , , , , , , , , , , ,0,0,1,0,0,0,0,0,0,0, , , , , , , , , , 
Cand01693,0,1,1,1,1,0,0,1,0,0,1,0,0,1,1,0,0,0,1,1, , , , , , , , , , , , , , , , , , ,0,1,1,0,1,0,0,1,0,1, , , , , , , , , , , , , , , , , , , , 
Cand01696,1,1,0,1,1,0,0,0,0,0,1,0,1,1,1,0,0,0,1,1, , , , , , , , , , , , , , , , , , ,1,0,1,0,1,0,0,0,0,1, , , , , , , , , , , , , , , , , , , , 
Cand01703,0,1,0,0,0,1,0,0,0,0,1,0,1,1,1,0,0,1,1,1, , , , , , , , , , , , , , , , , , ,0,1,1,0,1,0,0,1,0,0, , , , , , , , , , , , , , , , , , , , 
Cand01714,1,1,0,1,1,1,0,1,0,0,0,0,0,1,1,0,0,0,0,1, , , , , , , , , , , , , , , , , , ,0,0,0,0,0,0,0,0,0,1, , , , , , , , , , , , , , , , , , , , 
Cand01716,1,1,0,1,1,1,1,1,1,1,1,0, , , , , , , , ,0,1,1,0,0,0,1,0, , , , , , , , , , , , , , , , , , , , , , , , , , , , , , , , , , , , , , , , 
Cand01732,0,1,1,1,0,1,0,1,0,0,1,1, , , , , , , , ,0,1,1,0,1,0,0,1, , , , , , , , , , ,1,1,1,0,1,0,0,1,1,1, , , , , , , , , , , , , , , , , , , , 
Cand01744,0,0,1,1,1,1,0,1,0,0,1,1, , , , , , , , ,0,1,1,0,1,0,0,0, , , , , , , , , , ,0,0,1,1,0,0,0,1,1,1, , , , , , , , , , , , , , , , , , , , 
Cand01763,0,1,0,1,1,0,1,1,1,0,1,0,0,1,1,0,0,0,1,1, , , , , , , , ,1,0,1,1,1,0,0,0,1,1,,,,,,,,,,, , , , , , , , , , , , , , , , , , , , 
Cand01767,0,1,0,1,0,1,0,1,0,1,1,1,0,0,1,1,0,0,1,1, , , , , , , , , , , , , , , , , , ,1,1,1,0,1,0,1,1,0,1, , , , , , , , , , , , , , , , , , , , 
Cand01783,0,1,0,0,0,1,0,0,1,0,1,0,0,0,1,0,0,0,1,1, , , , , , , , , , , , , , , , , , , , , , , , , , , , ,0,0,0,0,0,0,1,0,1,0, , , , , , , , , , 
Cand01784,0,1,0,1,0,1,0,1,0,1,1,0,0,1,1,0,0,0,1,1, , , , , , , , , , , , , , , , , , ,0,0,1,0,1,0,0,1,0,0, , , , , , , , , , , , , , , , , , , , 
Cand01796,1,1,1,1,1,1,1,1,0,1,1,1, , , , , , , , ,0,1,1,0,0,0,0,0, , , , , , , , , , , , , , , , , , , , , , , , , , , , , , , , , , , , , , , , 
Cand01807,0,1,1,1,1,1,0,0,1,1,1,1, , , , , , , , ,0,1,1,0,1,0,0,0, , , , , , , , , , ,1,1,1,0,1,0,1,1,1,1, , , , , , , , , , , , , , , , , , , , 
Cand01816,1,1,1,1,1,1,1,1,0,1,1,1, , , , , , , , ,0,1,1,0,1,1,1,0, , , , , , , , , , , , , , , , , , , , , , , , , , , , , , ,1,0,1,1,1,0,1,0,0,0
Cand01823,0,1,0,1,1,1,0,0,0,0,1,0,0,0,1,0,0,1,1,1, , , , , , , , , , , , , , , , , , ,0,1,1,0,0,1,1,1,0,1, , , , , , , , , , , , , , , , , , , , 
Cand01824,1,1,0,1,1,1,0,1,1,0,1,1, , , , , , , , ,0,1,1,0,0,0,1,0, , , , , , , , , , , , , , , , , , , , , , , , , , , , , , , , , , , , , , , , 
Cand01846,0,1,0,1,1,1,0,1,0,0,1,0,0,1,1,0,0,0,1,1, , , , , , , , ,1,0,0,1,0,0,0,1,0,0,,,,,,,,,,, , , , , , , , , , , , , , , , , , , , 
Cand01851,0,1,1,1,1,1,0,1,0,0,1,1, , , , , , , , ,0,1,0,0,1,1,0,0,0,0,1,0,1,0,0,1,0,1,,,,,,,,,,, , , , , , , , , , , , , , , , , , , , 
Cand01857,1,1,1,1,0,1,0,1,0,0,1,1, , , , , , , , ,1,1,1,0,0,0,0,0, , , , , , , , , , ,1,0,1,0,1,0,0,1,0,1, , , , , , , , , , , , , , , , , , , , 
Cand01860,0,1,1,1,0,0,0,1,0,0,1,1,1,1,1,0,0,0,0,1, , , , , , , , , , , , , , , , , , ,0,1,1,0,0,0,1,1,0,1, , , , , , , , , , , , , , , , , , , , 
Cand01877,1,1,0,1,0,1,0,0,0,0,1,1,0,1,1,0,0,0,0,1, , , , , , , , , , , , , , , , , , , , , , , , , , , , ,1,1,0,0,1,0,1,0,0,0, , , , , , , , , , 
Cand01893,0,1,1,1,1,1,1,0,0,0,1,1, , , , , , , , ,1,1,1,0,0,0,0,0, , , , , , , , , , ,1,1,1,0,1,0,0,1,0,1, , , , , , , , , , , , , , , , , , , , 
Cand01899,0,1,0,1,0,0,0,1,0,0,0,0,0,1,1,0,0,0,0,1, , , , , , , , , , , , , , , , , , , , , , , , , , , , ,0,0,0,0,1,0,1,0,0,0, , , , , , , , , , 
Cand01901,0,0,0,1,1,1,0,0,0,0,1,0,0,1,1,0,0,0,1,1, , , , , , , , , , , , , , , , , , ,0,0,1,0,0,0,0,1,0,0, , , , , , , , , , , , , , , , , , , , 
Cand01904,0,1,0,0,0,1,1,1,0,1,1,0,0,1,1,0,0,1,1,0, , , , , , , , , , , , , , , , , , ,1,1,1,0,1,0,0,1,1,1, , , , , , , , , , , , , , , , , , , , 
Cand01910,0,0,0,1,0,0,0,0,0,0,1,1,0,0,1,0,0,0,1,0, , , , , , , , ,1,1,1,0,1,0,1,1,0,1, , , , , , , , , , , , , , , , , , , , , , , , , , , , , , 
Cand01915,0,1,0,1,0,0,0,0,0,0,1,0,0,1,1,0,0,1,1,1, , , , , , , , , , , , , , , , , , ,0,0,1,0,1,0,0,1,0,0, , , , , , , , , , , , , , , , , , , , 
Cand01934,0,1,0,1,0,1,1,1,0,1,1,0,1,1,1,0,0,0,1,1, , , , , , , , , , , , , , , , , , ,1,1,0,0,1,0,0,1,0,1, , , , , , , , , , , , , , , , , , , , 
Cand01939,0,1,1,1,0,0,0,1,0,0,1,1, , , , , , , , ,0,1,0,0,0,0,1,0, , , , , , , , , , ,1,0,0,0,0,0,0,0,0,1, , , , , , , , , , , , , , , , , , , , 
Cand01955,0,0,0,1,0,1,0,0,0,0,0,0,0,0,1,0,0,0,1,1, , , , , , , , ,0,1,0,0,1,0,1,1,0,1, , , , , , , , , , , , , , , , , , , , , , , , , , , , , , 
Cand01960,0,1,0,0,0,1,0,0,0,1,0,0,0,1,1,0,0,0,1,1, , , , , , , , , , , , , , , , , , , , , , , , , , , , ,0,0,0,0,0,1,0,0,1,0, , , , , , , , , , 
Cand01970,0,0,0,1,1,1,0,1,0,0,0,0,0,0,1,0,0,1,1,1, , , , , , , , , , , , , , , , , , ,1,0,1,0,1,0,0,0,0,0, , , , , , , , , , , , , , , , , , , , 
Cand01979,0,1,0,1,0,1,0,1,0,0,1,0,0,1,1,0,0,0,1,1, , , , , , , , , , , , , , , , , , ,0,0,0,0,0,0,0,0,0,0, , , , , , , , , , , , , , , , , , , , 
Cand01982,0,1,1,1,1,0,0,0,0,0,1,0,1,1,1,0,0,1,1,1, , , , , , , , , , , , , , , , , , ,1,0,1,0,0,0,0,1,0,0, , , , , , , , , , , , , , , , , , , , 
Cand01987,0,1,0,1,1,1,0,1,0,0,1,0, , , , , , , , ,0,1,0,0,0,0,1,0, , , , , , , , , , ,1,1,1,0,1,0,0,1,0,1, , , , , , , , , , , , , , , , , , , , 
Cand01994,0,0,0,0,0,1,0,1,0,0,1,0,0,1,1,0,1,0,1,1, , , , , , , , , , , , , , , , , , ,0,1,1,0,0,0,0,1,0,1, , , , , , , , , , , , , , , , , , , , 
Cand02000,0,1,0,1,1,1,1,1,0,0,1,1, , , , , , , , ,0,0,1,0,0,0,0,0, , , , , , , , , , ,0,0,1,0,0,0,0,0,0,0, , , , , , , , , , , , , , , , , , , , 
Cand02006,0,1,0,1,1,1,1,0,0,1,1,1, , , , , , , , ,0,1,0,0,0,0,0,0, , , , , , , , , , ,1,1,0,0,1,0,0,1,1,1, , , , , , , , , , , , , , , , , , , , 
Cand02026,0,1,0,1,1,1,0,1,0,0,1,1,0,1,1,0,0,0,1,1, , , , , , , , , , , , , , , , , , ,0,0,1,0,1,0,0,1,0,1, , , , , , , , , , , , , , , , , , , , 
Cand02028,0,1,0,1,1,0,0,1,0,0,0,0,0,1,1,0,0,0,1,1, , , , , , , , , , , , , , , , , , ,0,1,1,0,0,1,0,1,0,0, , , , , , , , , , , , , , , , , , , , 
Cand02038,0,1,0,1,0,0,0,1,0,1,1,0,1,1,1,0,0,0,1,1, , , , , , , , , , , , , , , , , , ,1,1,0,0,0,0,0,0,0,0, , , , , , , , , , , , , , , , , , , , 
Cand02041,0,1,0,0,0,1,0,1,0,0,0,0,0,1,1,0,0,1,1,1, , , , , , , , , , , , , , , , , , , , , , , , , , , , ,0,1,0,0,0,0,0,0,0,0, , , , , , , , , , 
Cand02058,0,1,0,1,1,1,0,1,0,0,0,0,0,0,1,0,0,0,1,1, , , , , , , , , , , , , , , , , , , , , , , , , , , , ,0,0,1,0,1,1,1,1,1,0, , , , , , , , , , 
Cand02060,0,1,0,1,0,0,0,1,0,0,1,0,0,1,1,0,0,0,1,1, , , , , , , , , , , , , , , , , , , , , , , , , , , , ,0,1,0,1,0,1,1,0,1,0, , , , , , , , , , 
Cand02070,1,1,1,1,0,1,0,0,0,1,1,0, , , , , , , , ,0,1,1,0,0,0,1,1, , , , , , , , , , ,0,1,1,1,1,0,0,0,0,0, , , , , , , , , , , , , , , , , , , , 
Cand02079,0,1,0,1,1,0,0,1,0,0,1,0,0,1,1,0,0,0,1,1, , , , , , , , , , , , , , , , , , ,0,0,1,1,1,1,0,0,0,1, , , , , , , , , , , , , , , , , , , , 
Cand02093,0,1,0,0,0,1,0,0,0,0,1,0,0,1,1,0,0,0,1,1, , , , , , , , , , , , , , , , , , , , , , , , , , , , ,0,0,0,0,0,1,0,0,0,0, , , , , , , , , , 
Cand02097,0,1,1,1,1,1,0,1,0,1,0,1, , , , , , , , ,0,1,1,0,0,0,1,0, , , , , , , , , , ,1,1,1,1,0,0,0,1,0,1, , , , , , , , , , , , , , , , , , , , 
Cand02117,1,1,0,1,0,1,0,0,0,1,1,1,0,0,1,0,0,1,1,1, , , , , , , , , , , , , , , , , , ,1,1,1,0,1,0,0,0,0,1, , , , , , , , , , , , , , , , , , , , 
Cand02128,0,1,0,1,1,1,0,1,0,0,1,1, , , , , , , , ,0,1,0,0,0,0,0,0, , , , , , , , , , ,0,0,1,1,0,0,0,0,0,1, , , , , , , , , , , , , , , , , , , , 
Cand02138,0,1,0,1,0,1,0,0,0,0,1,1,0,1,1,0,0,0,1,1, , , , , , , , , , , , , , , , , , ,1,1,0,0,0,0,0,1,0,0, , , , , , , , , , , , , , , , , , , , 
Cand02148,0,1,0,1,1,1,0,1,0,1,1,1, , , , , , , , ,0,1,0,0,0,0,1,0, , , , , , , , , , ,1,1,1,0,0,0,0,0,0,1, , , , , , , , , , , , , , , , , , , , 
Cand02164,0,0,0,1,1,0,0,0,0,0,0,0,0,0,0,0,0,0,1,1, , , , , , , , ,1,0,1,0,0,0,0,1,0,1, , , , , , , , , , , , , , , , , , , , , , , , , , , , , , 
Cand02189,1,1,1,1,1,1,0,1,0,1,1,0, , , , , , , , ,0,1,1,0,0,0,0,0, , , , , , , , , , ,0,1,1,1,1,0,0,1,0,1, , , , , , , , , , , , , , , , , , , , 
Cand02193,0,1,0,1,1,1,0,1,0,0,1,1, , , , , , , , ,0,1,1,0,1,0,1,1, , , , , , , , , , , , , , , , , , , , , , , , , , , , , , , , , , , , , , , , 
Cand02198,0,1,0,1,0,1,0,0,0,0,1,0,1,0,1,0,0,0,0,1, , , , , , , , , , , , , , , , , , , , , , , , , , , , ,0,1,0,0,0,0,1,0,0,0, , , , , , , , , , 
Cand02209,1,1,0,1,1,1,0,0,0,1,1,0, , , , , , , , ,0,1,1,0,0,0,0,0, , , , , , , , , , ,0,1,1,0,1,0,0,1,0,1, , , , , , , , , , , , , , , , , , , , 
Cand02225,0,1,0,1,0,0,0,1,0,0,0,0,0,1,1,0,0,0,1,1, , , , , , , , , , , , , , , , , , , , , , , , , , , , ,0,0,0,0,0,0,0,0,0,0, , , , , , , , , , 
Cand02229,0,1,0,1,0,0,0,0,0,1,1,0,0,1,1,0,0,0,1,1, , , , , , , , , , , , , , , , , , , , , , , , , , , , ,0,0,0,0,1,0,1,1,0,0, , , , , , , , , , 
Cand02246,0,1,1,1,1,1,0,0,0,1,1,1, , , , , , , , ,0,1,0,0,0,0,0,0, , , , , , , , , , ,0,1,1,0,1,0,0,1,1,0, , , , , , , , , , , , , , , , , , , , 
Cand02254,0,1,0,1,1,1,0,1,0,1,1,1, , , , , , , , ,1,1,1,0,0,1,1,0, , , , , , , , , , , , , , , , , , , , , , , , , , , , , , , , , , , , , , , , 
Cand02265,1,1,1,1,1,1,0,1,0,1,1,1, , , , , , , , ,1,1,0,1,1,0,1,1, , , , , , , , , , , , , , , , , , , , , , , , , , , , , , ,1,1,1,0,0,0,1,0,0,1
Cand02288,0,1,1,1,1,1,1,1,0,1,1,0, , , , , , , , ,0,1,1,0,1,0,1,0, , , , , , , , , , , , , , , , , , , , , , , , , , , , , , , , , , , , , , , , 
Cand02290,0,0,0,1,0,1,0,0,0,0,0,0,0,1,1,0,0,0,1,1, , , , , , , , , , , , , , , , , , , , , , , , , , , , ,0,0,0,0,0,0,1,1,0,0, , , , , , , , , , 
Cand02292,0,1,0,0,1,0,0,0,0,0,0,0,0,1,1,0,0,0,1,1, , , , , , , , , , , , , , , , , , , , , , , , , , , , ,0,0,0,1,1,0,1,1,0,1, , , , , , , , , , 
Cand02297,0,1,0,1,0,1,0,0,0,0,0,0,0,1,1,0,1,0,1,1, , , , , , , , , , , , , , , , , , ,0,0,1,0,0,0,0,1,1,0, , , , , , , , , , , , , , , , , , , , 
Cand02307,0,0,0,1,1,1,0,1,0,0,1,0,0,1,1,0,1,0,1,1, , , , , , , , , , , , , , , , , , ,0,0,1,0,1,0,0,0,0,1, , , , , , , , , , , , , , , , , , , , 
Cand02309,0,1,1,1,1,1,0,0,0,0,1,1, , , , , , , , ,0,1,0,0,0,0,0,0, , , , , , , , , , ,0,0,1,0,1,0,0,0,0,1, , , , , , , , , , , , , , , , , , , , 
Cand02313,0,1,0,1,0,0,0,0,0,0,0,1,0,1,1,0,0,0,1,1, , , , , , , , , , , , , , , , , , , , , , , , , , , , ,0,0,0,0,0,1,1,0,0,0, , , , , , , , , , 
Cand02324,0,1,0,0,0,1,0,0,0,1,1,0,0,1,1,0,0,0,1,1, , , , , , , , , , , , , , , , , , , , , , , , , , , , ,0,0,0,0,1,1,0,1,0,0, , , , , , , , , , 
Cand02334,0,0,0,1,1,1,0,1,0,1,1,1,0,1,1,0,0,0,1,1, , , , , , , , , , , , , , , , , , ,0,0,1,0,0,0,0,1,0,1, , , , , , , , , , , , , , , , , , , , 
Cand02355,0,1,0,0,1,1,0,1,0,0,1,0,1,1,1,0,0,0,1,1, , , , , , , , , , , , , , , , , , ,0,1,1,1,1,0,0,1,0,1, , , , , , , , , , , , , , , , , , , , 
Cand02357,0,1,0,1,1,1,0,1,0,0,1,0,0,1,1,0,0,1,1,1, , , , , , , , , , , , , , , , , , ,1,1,1,1,1,0,0,0,0,1, , , , , , , , , , , , , , , , , , , , 
Cand02360,1,1,1,1,0,1,0,1,0,1,1,1, , , , , , , , ,0,1,1,0,0,1,1,0, , , , , , , , , , , , , , , , , , , , , , , , , , , , , , , , , , , , , , , , 
Cand02372,0,1,0,1,0,1,0,1,0,1,1,0,0,1,1,0,0,0,1,1, , , , , , , , , , , , , , , , , , ,1,1,1,0,1,1,0,0,0,1, , , , , , , , , , , , , , , , , , , , 
Cand02388,0,1,0,1,1,1,0,1,0,0,1,0,0,1,1,0,0,0,1,1, , , , , , , , , , , , , , , , , , ,0,1,1,0,1,0,0,0,0,1, , , , , , , , , , , , , , , , , , , , 
Cand02392,0,1,0,1,1,0,0,0,0,0,1,0,0,1,1,0,0,0,1,1, , , , , , , , , , , , , , , , , , , , , , , , , , , , ,0,0,0,0,1,0,0,0,0,0, , , , , , , , , , 
Cand02393,0,0,1,1,1,1,1,1,0,0,1,1, , , , , , , , ,1,1,1,0,1,0,0,0, , , , , , , , , , ,0,1,1,0,1,1,1,1,1,1, , , , , , , , , , , , , , , , , , , , 
Cand02405,0,1,0,1,1,1,0,1,0,0,1,0,0,0,1,0,0,0,1,1, , , , , , , , , , , , , , , , , , ,0,1,0,0,1,1,1,0,1,0, , , , , , , , , , , , , , , , , , , , 
Cand02422,0,1,0,0,1,0,0,0,0,0,1,0,0,0,1,0,0,0,1,1, , , , , , , , , , , , , , , , , , , , , , , , , , , , ,1,0,0,1,0,0,1,0,0,0, , , , , , , , , , 
Cand02424,0,1,0,1,1,1,0,1,0,0,1,0, , , , , , , , ,0,1,1,0,0,0,1,0, , , , , , , , , , ,1,1,1,0,0,0,0,0,1,0, , , , , , , , , , , , , , , , , , , , 
Cand02427,0,0,0,1,1,1,1,0,0,0,1,0,0,1,1,0,0,1,1,1, , , , , , , , , , , , , , , , , , ,1,0,0,0,1,0,0,0,0,1, , , , , , , , , , , , , , , , , , , , 
Cand02429,0,0,0,0,0,1,0,0,0,0,1,0,0,1,1,0,0,0,0,1, , , , , , , , ,0,0,0,0,1,0,1,1,0,1, , , , , , , , , , , , , , , , , , , , , , , , , , , , , , 
Cand02433,0,1,0,1,1,1,0,0,0,0,1,0,1,1,0,0,0,1,1,1, , , , , , , , , , , , , , , , , , ,0,1,0,0,1,0,1,1,1,1, , , , , , , , , , , , , , , , , , , , 
Cand02436,0,1,0,0,1,0,0,0,0,0,1,1,0,1,1,0,0,0,1,1, , , , , , , , , , , , , , , , , , , , , , , , , , , , ,0,0,0,0,0,1,1,0,1,0, , , , , , , , , , 
Cand02439,0,1,0,1,0,0,0,0,0,0,1,0,0,1,1,0,0,1,0,1, , , , , , , , , , , , , , , , , , , , , , , , , , , , ,0,1,0,1,1,1,0,0,0,0, , , , , , , , , , 
Cand02442,0,1,0,1,0,1,0,1,0,0,1,0,0,1,1,0,1,1,1,1, , , , , , , , , , , , , , , , , , ,0,1,1,0,1,0,0,1,1,1, , , , , , , , , , , , , , , , , , , , 
Cand02444,0,0,0,1,1,1,0,1,0,0,1,1,0,1,1,0,0,0,1,1, , , , , , , , , , , , , , , , , , ,1,1,1,1,1,0,1,1,1,1, , , , , , , , , , , , , , , , , , , , 
Cand02456,0,1,0,1,0,0,0,0,0,0,0,1,0,1,1,0,0,0,1,1, , , , , , , , , , , , , , , , , , , , , , , , , , , , ,0,0,0,0,1,1,0,0,0,0, , , , , , , , , , 
Cand02459,0,1,0,1,1,1,0,1,1,1,1,0, , , , , , , , ,0,1,0,0,0,0,0,0, , , , , , , , , , ,0,0,1,0,1,0,0,1,0,1, , , , , , , , , , , , , , , , , , , , 
Cand02487,1,1,0,1,1,1,0,1,0,1,1,1, , , , , , , , ,0,1,0,0,0,1,0,0, , , , , , , , , , ,1,1,1,0,0,0,0,1,1,1, , , , , , , , , , , , , , , , , , , , 
Cand02498,0,0,0,1,0,1,0,1,0,0,1,0,0,1,1,0,0,0,1,1, , , , , , , , , , , , , , , , , , , , , , , , , , , , ,0,0,0,1,0,1,1,0,0,0, , , , , , , , , , 
Cand02500,0,1,0,1,1,1,0,1,0,0,1,0,0,1,1,0,0,0,1,0, , , , , , , , , , , , , , , , , , ,0,0,1,0,1,0,0,0,0,0, , , , , , , , , , , , , , , , , , , , 
Cand02501,0,1,1,1,1,1,1,1,0,1,1,1, , , , , , , , ,0,1,1,0,1,0,1,0, , , , , , , , , , , , , , , , , , , , , , , , , , , , , , , , , , , , , , , , 
Cand02506,0,1,0,0,0,0,0,0,0,0,1,1,0,1,1,0,0,0,1,1, , , , , , , , , , , , , , , , , , , , , , , , , , , , ,0,1,0,0,1,0,0,0,0,0, , , , , , , , , , 
Cand02509,1,1,1,1,1,1,0,0,0,0,1,0, , , , , , , , ,1,1,0,0,1,0,1,0, , , , , , , , , , ,0,1,1,0,1,0,0,1,0,0, , , , , , , , , , , , , , , , , , , , 
Cand02515,0,1,0,1,1,0,0,0,0,0,1,1,0,0,1,0,0,0,1,1, , , , , , , , , , , , , , , , , , ,0,0,0,0,0,0,0,0,0,1, , , , , , , , , , , , , , , , , , , , 
Cand02545,0,1,0,1,1,1,1,1,0,1,1,0, , , , , , , , ,0,1,1,0,1,0,0,0, , , , , , , , , , ,0,1,1,0,1,0,0,1,1,1, , , , , , , , , , , , , , , , , , , , 
Cand02550,0,0,0,1,0,0,0,0,0,0,1,1,0,0,0,0,0,0,1,0, , , , , , , , ,0,1,1,0,1,0,0,0,0,1, , , , , , , , , , , , , , , , , , , , , , , , , , , , , , 
Cand02551,0,1,1,1,1,1,0,1,0,0,1,1, , , , , , , , ,0,1,0,0,0,0,1,0, , , , , , , , , , ,1,0,1,1,1,0,1,0,0,1, , , , , , , , , , , , , , , , , , , , 
Cand02554,0,1,0,1,1,1,0,1,0,0,1,0, , , , , , , , ,0,1,0,0,0,0,1,0, , , , , , , , , , ,1,1,1,1,1,0,0,1,1,0, , , , , , , , , , , , , , , , , , , , 
Cand02555,0,1,1,1,1,1,0,1,1,1,1,1, , , , , , , , ,0,1,1,0,0,1,1,1, , , , , , , , , , , , , , , , , , , , , , , , , , , , , , ,1,0,1,0,0,0,0,1,0,0
Cand02556,1,1,1,1,1,1,0,1,0,0,1,1, , , , , , , , ,0,1,1,0,0,1,0,0, , , , , , , , , , ,0,1,1,0,1,1,0,0,1,1, , , , , , , , , , , , , , , , , , , , 
Cand02566,0,1,0,1,1,0,0,1,0,0,0,0,0,1,1,0,0,1,1,1, , , , , , , , , , , , , , , , , , ,0,0,1,0,1,0,0,1,0,1, , , , , , , , , , , , , , , , , , , , 
Cand02608,0,1,1,1,1,1,0,1,0,1,1,1, , , , , , , , ,0,1,1,0,0,0,0,0, , , , , , , , , , ,0,1,0,0,1,1,0,1,0,1, , , , , , , , , , , , , , , , , , , , 
Cand02610,0,1,1,0,0,1,0,0,0,0,0,0,0,0,1,0,0,0,1,1, , , , , , , , , , , , , , , , , , , , , , , , , , , , ,0,0,0,1,1,0,0,0,0,0, , , , , , , , , , 
Cand02634,1,0,0,1,1,0,0,1,0,1,0,0,0,1,1,0,0,0,1,1, , , , , , , , , , , , , , , , , , , , , , , , , , , , ,0,1,0,1,1,0,1,0,0,0, , , , , , , , , , 
Cand02648,0,1,1,1,1,1,0,1,1,0,1,1, , , , , , , , ,0,1,0,0,0,0,1,0, , , , , , , , , , ,1,1,1,1,0,0,0,0,0,0, , , , , , , , , , , , , , , , , , , , 
Cand02660,0,0,0,1,1,1,0,1,0,1,1,1, , , , , , , , ,1,1,0,0,0,0,1,0, , , , , , , , , , ,0,0,1,1,0,0,0,1,1,0, , , , , , , , , , , , , , , , , , , , 
Cand02668,0,0,0,1,0,1,0,0,0,0,1,0,0,1,1,0,0,0,1,1, , , , , , , , , , , , , , , , , , , , , , , , , , , , ,0,0,0,0,1,1,0,0,0,0, , , , , , , , , , 
Cand02696,0,0,0,0,1,1,0,1,0,0,1,0,0,1,1,0,0,0,1,1, , , , , , , , , , , , , , , , , , ,1,0,1,0,1,0,0,1,0,0, , , , , , , , , , , , , , , , , , , , 
Cand02700,0,1,0,1,1,0,0,0,0,1,1,1, , , , , , , , ,0,1,1,0,0,0,1,0, , , , , , , , , , ,1,0,1,0,0,0,0,1,0,1, , , , , , , , , , , , , , , , , , , , 
Cand02717,0,1,0,1,1,0,0,0,0,0,1,0,0,1,1,0,0,1,1,1, , , , , , , , , , , , , , , , , , ,1,0,0,0,1,0,1,1,1,0, , , , , , , , , , , , , , , , , , , , 
Cand02719,0,1,0,1,0,0,0,1,0,0,1,0,0,1,1,0,1,1,1,1, , , , , , , , , , , , , , , , , , ,1,0,1,0,0,0,0,1,1,0, , , , , , , , , , , , , , , , , , , , 
Cand02721,0,1,1,1,1,1,0,1,0,0,1,0, , , , , , , , ,0,1,0,1,1,1,0,0, , , , , , , , , , ,1,1,1,1,0,0,0,0,0,1, , , , , , , , , , , , , , , , , , , , 
Cand02730,0,0,1,1,0,1,0,0,0,1,1,0,0,1,1,0,0,0,1,1, , , , , , , , , , , , , , , , , , ,0,1,1,1,0,0,0,1,0,1, , , , , , , , , , , , , , , , , , , , 
Cand02739,0,1,0,1,1,0,0,1,0,1,1,0, , , , , , , , ,0,1,1,0,1,1,1,0, , , , , , , , , , ,1,1,1,0,1,0,1,0,0,1, , , , , , , , , , , , , , , , , , , , 
Cand02743,0,1,0,0,1,1,1,1,1,1,1,0, , , , , , , , ,0,1,1,0,0,0,0,0, , , , , , , , , , ,1,1,1,0,0,0,0,1,0,1, , , , , , , , , , , , , , , , , , , , 
Cand02746,0,1,0,1,1,1,0,1,0,0,1,1, , , , , , , , ,0,1,1,0,0,0,1,0, , , , , , , , , , ,1,1,1,0,1,1,0,0,1,1, , , , , , , , , , , , , , , , , , , , 
Cand02757,0,1,0,1,1,1,0,1,0,0,1,1,0,0,1,0,0,1,0,1, , , , , , , , , , , , , , , , , , ,1,0,1,0,1,0,0,0,0,1, , , , , , , , , , , , , , , , , , , , 
Cand02760,0,1,0,1,0,1,0,0,0,0,1,0,0,1,1,0,0,0,1,1, , , , , , , , , , , , , , , , , , , , , , , , , , , , ,0,0,0,0,1,1,0,1,0,0, , , , , , , , , , 
Cand02773,0,1,1,1,1,0,0,1,0,1,1,1, , , , , , , , ,0,1,1,0,0,0,1,0, , , , , , , , , , ,1,0,0,1,1,1,0,1,0,0, , , , , , , , , , , , , , , , , , , , 
Cand02792,0,0,1,0,1,0,0,1,0,0,1,0,0,1,1,0,0,0,1,1, , , , , , , , , , , , , , , , , , , , , , , , , , , , ,0,1,0,0,0,1,0,0,0,0, , , , , , , , , , 
Cand02797,0,1,0,1,0,0,0,0,0,1,1,0,1,1,1,0,0,0,1,1, , , , , , , , , , , , , , , , , , , , , , , , , , , , ,0,0,0,0,1,1,1,0,0,0, , , , , , , , , , 
Cand02802,1,1,0,1,1,1,0,1,0,0,1,1, , , , , , , , ,0,1,1,0,0,0,1,0, , , , , , , , , , , , , , , , , , , , , , , , , , , , , , , , , , , , , , , , 
Cand02807,1,1,0,1,1,0,0,1,0,0,0,0,1,1,1,0,1,0,1,1, , , , , , , , , , , , , , , , , , ,1,1,1,1,1,0,1,1,1,0, , , , , , , , , , , , , , , , , , , , 
Cand02811,0,0,0,1,1,0,0,0,0,0,0,0,0,1,1,0,0,0,1,1, , , , , , , , , , , , , , , , , , , , , , , , , , , , ,0,1,0,0,1,1,0,0,0,0, , , , , , , , , , 
Cand02813,0,1,1,0,1,0,0,1,0,0,1,0,0,1,1,0,0,0,1,1, , , , , , , , , , , , , , , , , , ,1,1,1,0,0,0,0,0,0,1, , , , , , , , , , , , , , , , , , , , 
Cand02819,0,1,0,1,1,0,0,1,0,0,1,1, , , , , , , , ,0,0,1,0,0,0,1,0, , , , , , , , , , ,0,1,1,1,1,0,0,1,0,0, , , , , , , , , , , , , , , , , , , , 
Cand02820,0,1,0,1,1,1,0,1,0,0,1,1, , , , , , , , ,0,1,1,0,1,0,0,0, , , , , , , , , , ,1,1,1,0,1,0,0,1,0,1, , , , , , , , , , , , , , , , , , , , 
Cand02825,0,1,1,1,1,1,1,1,0,0,0,1, , , , , , , , ,0,1,1,0,0,0,1,0, , , , , , , , , , ,0,1,1,1,1,0,0,1,1,1, , , , , , , , , , , , , , , , , , , , 
Cand02832,0,1,0,1,1,1,0,0,0,1,1,1, , , , , , , , ,0,1,1,0,0,0,1,0, , , , , , , , , , ,1,1,0,0,1,0,0,1,1,1, , , , , , , , , , , , , , , , , , , , 
Cand02833,0,0,0,1,1,1,0,1,0,0,1,0,0,1,1,0,0,0,1,1, , , , , , , , , , , , , , , , , , ,0,1,1,0,1,0,0,0,1,0, , , , , , , , , , , , , , , , , , , , 
Cand02846,1,1,0,1,1,1,0,1,1,1,1,0, , , , , , , , ,0,1,1,1,0,0,1,0, , , , , , , , , , , , , , , , , , , , , , , , , , , , , , , , , , , , , , , , 
Cand02849,0,0,0,1,0,0,0,0,0,0,0,1,0,0,0,0,0,0,1,1, , , , , , , , ,0,0,0,0,0,0,0,1,0,1, , , , , , , , , , , , , , , , , , , , , , , , , , , , , , 
Cand02850,0,1,0,0,1,0,0,0,0,0,0,0,0,0,1,0,0,0,0,1, , , , , , , , ,0,0,1,0,0,0,1,1,0,1, , , , , , , , , , , , , , , , , , , , , , , , , , , , , , 
Cand02855,0,1,1,1,1,1,0,1,0,1,1,1, , , , , , , , ,0,1,1,0,1,0,0,0, , , , , , , , , , ,1,0,1,0,1,0,0,0,1,1, , , , , , , , , , , , , , , , , , , , 
Cand02859,0,0,0,1,0,1,0,0,0,0,1,0,0,1,1,0,0,1,0,1, , , , , , , , , , , , , , , , , , , , , , , , , , , , ,0,1,0,0,0,1,0,0,0,0, , , , , , , , , , 
Cand02879,0,1,0,1,1,1,0,0,0,1,1,1, , , , , , , , ,1,1,1,0,1,0,0,0, , , , , , , , , , ,1,1,0,0,1,0,0,0,1,1, , , , , , , , , , , , , , , , , , , , 
Cand02880,0,1,0,1,1,1,0,1,1,1,1,0, , , , , , , , ,1,1,1,0,0,0,1,0, , , , , , , , , , ,1,1,1,0,1,1,0,1,1,1, , , , , , , , , , , , , , , , , , , , 
Cand02887,0,1,0,0,0,1,0,0,0,0,1,0,0,1,1,0,0,0,1,1, , , , , , , , , , , , , , , , , , ,1,1,0,0,1,0,0,0,0,1, , , , , , , , , , , , , , , , , , , , 
Cand02895,0,1,1,1,1,0,0,0,0,0,1,0,1,1,1,0,1,0,1,1, , , , , , , , , , , , , , , , , , ,1,1,1,0,1,0,0,1,0,1, , , , , , , , , , , , , , , , , , , , 
Cand02918,0,0,0,1,1,1,0,1,0,0,1,1, , , , , , , , ,0,1,1,0,0,0,1,0, , , , , , , , , , ,1,0,1,0,1,1,0,1,0,1, , , , , , , , , , , , , , , , , , , , 
Cand02922,0,1,0,1,1,0,1,0,0,1,1,1, , , , , , , , ,0,1,1,0,0,0,1,0, , , , , , , , , , ,1,1,1,1,0,0,0,1,1,1, , , , , , , , , , , , , , , , , , , , 
Cand02938,0,0,0,1,1,1,0,1,0,0,1,0,0,1,1,0,0,1,1,1, , , , , , , , , , , , , , , , , , ,0,0,1,0,1,0,0,0,0,0, , , , , , , , , , , , , , , , , , , , 
Cand02946,1,1,0,1,1,1,1,0,0,0,1,0, , , , , , , , ,0,1,0,0,0,0,0,0, , , , , , , , , , ,1,0,0,0,1,0,0,1,0,0, , , , , , , , , , , , , , , , , , , , 
Cand02954,1,1,0,1,1,1,0,1,0,1,1,0, , , , , , , , ,0,1,1,0,1,1,0,0, , , , , , , , , , ,1,0,1,0,0,1,0,1,0,1, , , , , , , , , , , , , , , , , , , , 
Cand02959,0,1,1,1,0,0,0,1,0,1,1,1, , , , , , , , ,0,1,1,0,0,0,0,0, , , , , , , , , , ,0,0,1,0,1,1,0,1,1,1, , , , , , , , , , , , , , , , , , , , 
Cand02988,0,1,0,1,0,0,0,0,0,0,1,0,0,0,1,0,0,0,1,1, , , , , , , , , , , , , , , , , , , , , , , , , , , , ,0,0,0,1,0,1,1,0,0,0, , , , , , , , , , 
Cand02989,0,1,1,1,0,1,0,1,1,0,1,1, , , , , , , , ,0,0,1,0,0,0,1,0, , , , , , , , , , ,1,0,1,0,0,0,0,0,1,1, , , , , , , , , , , , , , , , , , , , 
Cand03023,0,1,1,1,1,1,0,1,0,0,1,1, , , , , , , , ,1,1,1,0,1,0,0,0, , , , , , , , , , , , , , , , , , , , , , , , , , , , , , , , , , , , , , , , 
Cand03031,0,1,0,1,1,1,0,1,0,0,1,1, , , , , , , , ,0,1,1,0,0,0,1,0, , , , , , , , , , ,1,1,1,1,1,0,0,1,1,0, , , , , , , , , , , , , , , , , , , , 
Cand03049,0,1,0,1,1,1,0,1,0,1,1,0, , , , , , , , ,0,0,0,0,0,0,1,0, , , , , , , , , , ,1,0,1,0,1,0,0,0,0,1, , , , , , , , , , , , , , , , , , , , 
Cand03065,1,1,0,0,1,1,0,0,0,1,1,0,0,1,1,0,0,0,1,1, , , , , , , , , , , , , , , , , , , , , , , , , , , , ,0,0,0,0,0,0,1,0,0,0, , , , , , , , , , 
Cand03067,0,1,1,1,0,1,0,1,0,0,1,0,1,1,1,0,0,0,1,1, , , , , , , , , , , , , , , , , , ,0,1,1,1,1,0,0,1,1,0, , , , , , , , , , , , , , , , , , , , 
Cand03072,0,1,1,1,1,1,1,1,1,0,1,1, , , , , , , , ,0,1,1,0,0,0,0,0, , , , , , , , , , ,1,1,1,0,1,1,0,1,1,1, , , , , , , , , , , , , , , , , , , , 
Cand03095,0,0,0,1,1,1,0,1,0,1,1,1, , , , , , , , ,0,1,1,0,0,0,1,0, , , , , , , , , , ,0,0,1,0,1,0,0,1,0,1, , , , , , , , , , , , , , , , , , , , 
Cand03110,0,1,0,1,0,0,0,1,0,1,1,1,0,1,1,0,0,0,1,1, , , , , , , , , , , , , , , , , , ,1,0,1,1,1,0,0,1,0,1, , , , , , , , , , , , , , , , , , , , 
Cand03115,0,1,0,0,0,0,0,0,0,1,1,0,0,1,1,0,0,1,1,1, , , , , , , , , , , , , , , , , , , , , , , , , , , , ,1,0,0,1,1,1,1,1,0,0, , , , , , , , , , 
Cand03132,0,1,0,1,1,1,0,1,0,1,1,0, , , , , , , , ,0,1,0,0,0,0,1,0, , , , , , , , , , ,1,0,0,0,1,0,0,1,1,1, , , , , , , , , , , , , , , , , , , , 
Cand03152,0,1,0,1,0,1,0,0,0,0,1,1,1,1,1,0,0,1,1,1, , , , , , , , , , , , , , , , , , ,0,1,1,0,1,1,0,1,1,1, , , , , , , , , , , , , , , , , , , , 
Cand03159,0,1,0,0,0,0,0,0,0,0,1,0,0,0,1,0,0,0,1,1, , , , , , , , ,0,1,1,1,1,0,0,0,0,1, , , , , , , , , , , , , , , , , , , , , , , , , , , , , , 
Cand03169,0,1,0,1,1,1,0,0,1,1,0,1, , , , , , , , ,0,1,1,0,0,0,1,0, , , , , , , , , , ,1,1,1,1,1,0,0,1,0,0, , , , , , , , , , , , , , , , , , , , 
Cand03172,0,1,0,1,1,0,0,1,1,1,1,1, , , , , , , , ,1,0,1,0,0,0,1,0, , , , , , , , , , ,0,0,1,0,1,0,0,1,1,0, , , , , , , , , , , , , , , , , , , , 
Cand03175,0,1,1,1,0,1,0,1,0,1,1,0, , , , , , , , ,0,1,1,0,0,0,1,0, , , , , , , , , , ,0,0,0,1,0,0,0,1,0,0, , , , , , , , , , , , , , , , , , , , 
Cand03192,0,0,0,0,0,0,0,0,0,0,1,0,1,1,1,0,0,0,1,1, , , , , , , , , , , , , , , , , , , , , , , , , , , , ,0,1,0,0,0,0,0,0,1,0, , , , , , , , , , 
Cand03193,0,1,0,1,0,1,0,1,0,0,1,0,0,1,1,0,0,0,1,1, , , , , , , , , , , , , , , , , , ,0,1,1,0,1,0,0,1,0,1, , , , , , , , , , , , , , , , , , , , 
Cand03202,0,1,1,1,1,1,0,1,1,0,1,0, , , , , , , , ,1,1,1,0,0,0,1,0, , , , , , , , , , ,1,1,1,0,1,0,0,1,1,1, , , , , , , , , , , , , , , , , , , , 
Cand03203,0,1,0,1,1,1,0,0,0,0,1,1,0,1,1,0,0,0,1,1, , , , , , , , , , , , , , , , , , ,0,1,1,0,0,0,0,0,0,0, , , , , , , , , , , , , , , , , , , , 
Cand03204,0,1,0,1,1,1,0,0,0,0,1,0,0,1,1,0,0,1,1,1, , , , , , , , , , , , , , , , , , ,1,1,0,1,1,1,0,0,0,1, , , , , , , , , , , , , , , , , , , , 
Cand03215,0,1,0,1,0,1,0,1,0,0,1,1,0,1,1,0,1,0,1,0, , , , , , , , , , , , , , , , , , ,1,0,1,0,1,0,1,0,0,1, , , , , , , , , , , , , , , , , , , , 
Cand03219,1,1,0,0,0,0,0,0,0,0,1,0,0,1,1,0,0,0,0,0, , , , , , , , , , , , , , , , , , , , , , , , , , , , ,0,0,0,1,1,1,1,0,0,0, , , , , , , , , , 
Cand03235,0,1,1,1,1,1,0,1,0,1,1,0, , , , , , , , ,1,1,1,0,0,0,0,0, , , , , , , , , , ,1,1,1,0,1,1,1,1,0,1, , , , , , , , , , , , , , , , , , , , 
Cand03237,0,0,0,1,0,1,0,1,0,0,1,0,0,1,1,0,0,0,1,1, , , , , , , , , , , , , , , , , , ,0,1,1,0,1,0,1,1,0,0, , , , , , , , , , , , , , , , , , , , 
Cand03242,0,0,0,1,0,0,0,0,0,0,0,0,0,1,1,0,0,0,1,1, , , , , , , , , , , , , , , , , , , , , , , , , , , , ,0,0,0,0,0,0,0,0,0,0, , , , , , , , , , 
Cand03244,0,0,0,1,0,1,1,1,0,0,0,0,0,0,1,0,0,1,1,1, , , , , , , , , , , , , , , , , , , , , , , , , , , , ,0,1,0,1,1,1,1,0,0,0, , , , , , , , , , 
Cand03246,0,1,0,1,1,1,0,0,0,0,1,0,0,1,1,0,0,0,1,1, , , , , , , , , , , , , , , , , , ,1,0,0,0,1,0,0,0,0,0, , , , , , , , , , , , , , , , , , , , 
Cand03254,1,1,0,1,0,0,0,1,0,1,0,0,0,1,1,0,0,1,1,1, , , , , , , , , , , , , , , , , , ,1,0,1,0,1,0,0,1,0,1, , , , , , , , , , , , , , , , , , , , 
Cand03258,0,1,0,1,1,1,0,1,0,0,1,1, , , , , , , , ,0,1,1,0,0,0,1,0, , , , , , , , , , ,1,1,1,0,1,1,1,1,0,1, , , , , , , , , , , , , , , , , , , , 
Cand03262,1,1,0,1,1,1,1,1,0,0,1,0, , , , , , , , ,0,1,0,0,0,0,1,0, , , , , , , , , , ,1,0,1,0,1,0,0,0,0,1, , , , , , , , , , , , , , , , , , , , 
Cand03269,0,1,0,0,1,0,0,1,0,0,1,0,0,1,0,0,0,0,1,1, , , , , , , , , , , , , , , , , , , , , , , , , , , , ,0,0,0,0,1,1,1,0,0,0, , , , , , , , , , 
Cand03287,1,1,0,1,1,1,0,1,0,0,1,0, , , , , , , , ,0,1,0,1,1,1,0,0, , , , , , , , , , ,0,1,1,1,0,1,1,1,0,1, , , , , , , , , , , , , , , , , , , , 
Cand03298,0,1,0,1,0,1,0,1,1,1,1,1, , , , , , , , ,0,1,1,0,0,0,1,0, , , , , , , , , , ,1,1,0,0,0,0,1,1,0,1, , , , , , , , , , , , , , , , , , , , 
Cand03306,0,0,0,1,0,1,0,1,0,0,1,1,0,0,1,0,0,0,0,1, , , , , , , , , , , , , , , , , , , , , , , , , , , , ,0,1,0,0,0,1,1,1,1,0, , , , , , , , , , 
Cand03318,0,1,0,0,0,0,0,0,0,0,1,0,0,1,0,0,0,0,0,1, , , , , , , , , , , , , , , , , , , , , , , , , , , , ,0,0,0,1,0,1,1,0,0,0, , , , , , , , , , 
Cand03323,1,1,0,0,0,1,0,1,0,0,1,0,0,1,1,0,0,0,0,1, , , , , , , , , , , , , , , , , , ,0,0,1,0,1,0,0,1,0,1, , , , , , , , , , , , , , , , , , , , 
Cand03338,1,1,0,1,1,0,0,1,0,1,1,1, , , , , , , , ,0,1,0,0,0,0,0,0, , , , , , , , , , ,1,1,0,0,0,0,1,1,0,1, , , , , , , , , , , , , , , , , , , , 
Cand03344,0,1,0,1,1,1,0,1,0,1,1,0, , , , , , , , ,0,1,1,0,1,0,1,0, , , , , , , , , , ,1,1,1,0,0,0,0,1,1,0, , , , , , , , , , , , , , , , , , , , 
Cand03361,0,0,0,1,1,1,0,1,0,0,1,0,0,1,1,0,0,0,1,1, , , , , , , , , , , , , , , , , , ,0,0,1,0,0,0,0,0,0,1, , , , , , , , , , , , , , , , , , , , 
Cand03363,0,1,1,1,0,0,0,0,0,0,0,0,0,0,1,0,0,0,1,1, , , , , , , , , , , , , , , , , , , , , , , , , , , , ,0,0,0,1,1,1,1,0,0,0, , , , , , , , , , 
Cand03365,0,1,0,1,1,1,0,1,0,0,1,0,0,1,1,0,0,0,1,1, , , , , , , , , , , , , , , , , , ,0,1,1,0,1,0,0,0,0,1, , , , , , , , , , , , , , , , , , , , 
Cand03375,0,0,0,1,0,1,0,0,0,0,1,1,0,1,1,0,0,0,1,1, , , , , , , , , , , , , , , , , , ,0,0,0,0,1,0,0,0,0,0, , , , , , , , , , , , , , , , , , , , 
Cand03378,1,1,1,1,1,1,1,1,0,0,1,0, , , , , , , , ,0,1,1,0,1,0,0,0, , , , , , , , , , ,0,1,0,0,0,1,0,0,0,1, , , , , , , , , , , , , , , , , , , , 
Cand03387,1,1,0,1,1,1,0,1,0,1,1,0, , , , , , , , ,0,0,0,0,0,0,1,0, , , , , , , , , , ,1,1,0,1,1,0,0,1,0,1, , , , , , , , , , , , , , , , , , , , 
Cand03394,1,1,1,1,0,0,0,1,0,1,1,0, , , , , , , , ,0,1,1,0,0,0,0,0, , , , , , , , , , ,1,0,1,0,1,1,0,1,1,1, , , , , , , , , , , , , , , , , , , , 
Cand03413,0,0,0,1,0,0,0,0,0,0,0,0,0,0,1,0,0,0,1,1, , , , , , , , , , , , , , , , , , , , , , , , , , , , ,0,0,0,0,0,1,1,0,1,0, , , , , , , , , , 
Cand03415,1,1,0,1,1,1,0,1,0,1,1,0, , , , , , , , ,0,1,1,0,1,0,0,0, , , , , , , , , , , , , , , , , , , , , , , , , , , , , , , , , , , , , , , , 
Cand03416,0,1,0,1,0,0,0,1,0,1,0,0,1,1,1,0,0,0,1,1, , , , , , , , , , , , , , , , , , ,0,0,1,0,0,0,0,0,0,1, , , , , , , , , , , , , , , , , , , , 
Cand03422,0,1,0,1,1,0,0,1,0,0,0,0,0,1,1,0,0,1,1,1, , , , , , , , , , , , , , , , , , , , , , , , , , , , ,0,0,0,0,1,0,1,0,0,0, , , , , , , , , , 
Cand03425,0,1,0,1,1,0,0,0,0,0,1,1,0,1,1,0,0,0,1,1, , , , , , , , , , , , , , , , , , ,1,0,1,0,0,0,0,0,0,0, , , , , , , , , , , , , , , , , , , , 
Cand03430,0,1,1,1,1,1,0,1,0,1,0,0,0,1,1,0,0,0,1,1, , , , , , , , , , , , , , , , , , ,1,0,1,0,1,0,0,1,0,1, , , , , , , , , , , , , , , , , , , , 
Cand03442,0,1,0,1,1,1,0,1,0,0,1,0, , , , , , , , ,0,1,0,0,0,1,0,0, , , , , , , , , , ,0,1,1,0,0,0,0,0,0,0, , , , , , , , , , , , , , , , , , , , 
Cand03452,0,1,0,1,1,1,0,0,0,1,1,1, , , , , , , , ,0,1,0,0,0,0,1,0, , , , , , , , , , ,1,1,1,0,1,0,0,1,1,1, , , , , , , , , , , , , , , , , , , , 
Cand03458,1,1,0,1,0,1,0,1,0,0,1,0,0,1,1,0,0,0,1,1, , , , , , , , , , , , , , , , , , ,0,1,0,0,0,0,0,1,0,0, , , , , , , , , , , , , , , , , , , , 
Cand03461,0,1,0,0,0,1,0,1,0,1,0,0,0,1,1,0,0,0,1,1, , , , , , , , , , , , , , , , , , , , , , , , , , , , ,0,0,0,0,0,1,0,0,0,0, , , , , , , , , , 
Cand03476,0,0,0,0,1,0,0,1,0,1,1,1,0,1,1,0,1,0,0,1, , , , , , , , , , , , , , , , , , ,0,1,1,0,0,0,0,1,0,1, , , , , , , , , , , , , , , , , , , , 
Cand03522,0,1,0,1,0,0,0,1,0,1,1,1, , , , , , , , ,0,1,0,0,0,0,0,0, , , , , , , , , , ,1,1,1,1,1,1,0,1,0,0, , , , , , , , , , , , , , , , , , , , 
Cand03524,0,0,0,0,0,1,0,0,0,1,0,0,0,1,1,0,0,0,1,1, , , , , , , , , , , , , , , , , , , , , , , , , , , , ,0,1,0,1,1,1,0,0,0,1, , , , , , , , , , 
Cand03532,0,1,0,1,0,1,0,1,0,1,1,0,0,1,0,0,0,0,1,1, , , , , , , , , , , , , , , , , , ,1,1,1,0,1,0,0,1,0,1, , , , , , , , , , , , , , , , , , , , 
Cand03544,0,1,0,1,1,1,0,1,0,1,1,1, , , , , , , , ,0,1,1,0,0,0,1,0, , , , , , , , , , ,1,1,1,0,0,1,1,1,0,0, , , , , , , , , , , , , , , , , , , , 
Cand03558,0,0,1,1,1,1,0,1,0,1,1,0, , , , , , , , ,1,1,0,0,1,0,0,0, , , , , , , , , , ,1,1,1,1,1,0,0,1,0,1, , , , , , , , , , , , , , , , , , , , 
Cand03570,1,1,0,1,0,1,0,1,0,0,1,1, , , , , , , , ,0,1,1,0,0,0,1,0, , , , , , , , , , ,0,0,1,1,0,1,0,0,1,1, , , , , , , , , , , , , , , , , , , , 
Cand03588,0,0,0,1,1,0,0,1,0,0,0,1,0,1,1,0,0,0,1,1, , , , , , , , , , , , , , , , , , ,0,1,1,1,1,0,0,1,0,0, , , , , , , , , , , , , , , , , , , , 
Cand03593,1,1,0,0,1,1,0,1,0,0,1,0,1,0,1,0,0,0,1,1, , , , , , , , , , , , , , , , , , ,0,0,1,0,1,0,0,1,1,0, , , , , , , , , , , , , , , , , , , , 
Cand03608,0,0,0,1,1,1,0,1,0,1,1,0,0,1,1,0,0,1,1,1, , , , , , , , , , , , , , , , , , ,0,1,1,0,1,0,0,1,1,1, , , , , , , , , , , , , , , , , , , , 
Cand03624,0,1,1,1,1,1,0,1,1,1,1,0, , , , , , , , ,0,1,1,0,1,0,1,0, , , , , , , , , , , , , , , , , , , , , , , , , , , , , , , , , , , , , , , , 
Cand03635,1,1,0,1,1,1,1,1,0,1,1,1, , , , , , , , ,0,1,1,0,1,1,0,0, , , , , , , , , , , , , , , , , , , , , , , , , , , , , , , , , , , , , , , , 
Cand03642,0,1,0,1,0,1,0,0,0,1,1,1, , , , , , , , ,0,1,0,0,0,0,1,0, , , , , , , , , , ,1,1,1,0,1,0,0,1,0,1, , , , , , , , , , , , , , , , , , , , 
Cand03646,0,0,0,1,1,1,0,1,1,1,1,0,1,0,1,0,1,1,1,1, , , , , , , , , , , , , , , , , , ,0,0,1,1,1,0,0,1,0,1, , , , , , , , , , , , , , , , , , , , 
Cand03673,0,1,1,1,1,1,1,1,0,1,1,1, , , , , , , , ,0,1,1,0,0,1,1,1, , , , , , , , , , , , , , , , , , , , , , , , , , , , , , , , , , , , , , , , 
Cand03693,0,1,0,1,1,0,1,1,0,0,1,0,0,1,1,0,0,0,1,1, , , , , , , , , , , , , , , , , , ,1,1,1,0,1,1,0,0,1,0, , , , , , , , , , , , , , , , , , , , 
Cand03697,0,0,0,1,0,0,1,0,0,0,0,0,0,1,1,0,0,1,1,1, , , , , , , , , , , , , , , , , , , , , , , , , , , , ,0,0,0,1,0,0,1,0,0,0, , , , , , , , , , 
Cand03708,0,1,0,1,1,1,0,1,0,0,1,1, , , , , , , , ,0,1,1,0,0,0,1,0, , , , , , , , , , ,0,0,1,0,1,0,1,1,0,1, , , , , , , , , , , , , , , , , , , , 
Cand03709,1,1,0,1,1,1,0,1,1,0,1,0, , , , , , , , ,0,1,1,0,0,0,0,0, , , , , , , , , , ,1,1,1,0,0,0,0,1,0,1, , , , , , , , , , , , , , , , , , , , 
Cand03712,0,0,0,1,0,1,1,1,0,1,0,0,0,1,1,0,0,1,0,1, , , , , , , , , , , , , , , , , , ,0,1,1,0,1,0,0,1,0,0, , , , , , , , , , , , , , , , , , , , 
Cand03714,0,1,0,1,1,0,0,1,0,0,1,0,0,0,1,0,0,1,1,1, , , , , , , , , , , , , , , , , , ,0,0,1,0,1,0,0,1,0,0, , , , , , , , , , , , , , , , , , , , 
Cand03721,0,0,0,0,0,1,0,0,0,0,0,0,0,1,1,0,0,0,1,1, , , , , , , , ,0,0,0,0,0,0,0,1,0,0, , , , , , , , , , , , , , , , , , , , , , , , , , , , , , 
Cand03723,0,0,0,0,1,1,0,0,0,0,0,0,1,1,1,0,0,0,1,1, , , , , , , , , , , , , , , , , , , , , , , , , , , , ,,,,,,,,,,,0,0,0,0,0,1,1,0,0,0
Cand03726,0,1,1,0,1,1,0,1,1,1,1,1, , , , , , , , ,0,1,1,0,1,1,1,0, , , , , , , , , , , , , , , , , , , , , , , , , , , , , , , , , , , , , , , , 
Cand03732,0,0,0,1,1,0,0,0,0,0,1,0,0,0,1,0,0,0,1,0, , , , , , , , , , , , , , , , , , , , , , , , , , , , ,0,0,0,0,1,0,1,0,0,0, , , , , , , , , , 
Cand03742,0,1,1,1,1,1,0,1,0,0,1,1, , , , , , , , ,0,1,0,0,0,0,1,0, , , , , , , , , , ,1,0,0,0,1,0,0,1,1,1, , , , , , , , , , , , , , , , , , , , 
Cand03751,0,1,0,1,0,0,0,0,0,0,1,0,0,0,1,0,0,0,1,1, , , , , , , , , , , , , , , , , , , , , , , , , , , , ,0,0,0,0,1,0,0,0,0,0, , , , , , , , , , 
Cand03753,1,1,1,1,1,0,1,1,0,1,1,1, , , , , , , , ,1,1,1,0,1,0,0,0, , , , , , , , , , , , , , , , , , , , , , , , , , , , , , ,1,1,1,0,1,1,1,0,1,1
Cand03755,0,1,0,1,1,0,0,1,0,0,1,0,1,1,1,0,0,0,1,1, , , , , , , , , , , , , , , , , , ,1,1,1,1,1,0,1,1,0,0, , , , , , , , , , , , , , , , , , , , 
Cand03756,1,0,0,0,1,0,0,0,0,0,0,0,0,1,1,0,0,0,1,1, , , , , , , , , , , , , , , , , , , , , , , , , , , , ,0,1,0,0,0,0,0,0,0,0, , , , , , , , , , 
Cand03774,1,1,1,1,1,1,0,0,1,1,1,1, , , , , , , , ,0,1,1,0,0,0,1,0, , , , , , , , , , ,1,1,1,1,1,1,0,1,0,1, , , , , , , , , , , , , , , , , , , , 
Cand03789,0,0,0,1,0,0,0,0,0,0,0,0,0,0,1,0,0,0,1,1, , , , , , , , , , , , , , , , , , , , , , , , , , , , ,0,1,0,0,0,0,1,0,0,0, , , , , , , , , , 
Cand03805,0,1,0,0,0,1,0,1,0,0,1,1,0,0,1,0,0,0,1,1, , , , , , , , , , , , , , , , , , , , , , , , , , , , ,0,0,0,1,0,0,1,0,0,0, , , , , , , , , , 
Cand03816,0,1,1,1,1,1,0,1,1,1,1,1, , , , , , , , ,0,1,1,0,1,0,0,0, , , , , , , , , , , , , , , , , , , , , , , , , , , , , , , , , , , , , , , , 
Cand03818,0,1,0,1,1,1,1,1,1,0,1,0, , , , , , , , ,0,1,0,0,0,1,1,0, , , , , , , , , , ,1,1,1,0,1,1,0,1,0,1, , , , , , , , , , , , , , , , , , , , 
Cand03821,0,1,0,0,0,0,0,1,0,0,1,0,0,1,1,0,0,0,1,1, , , , , , , , , , , , , , , , , , , , , , , , , , , , ,0,0,0,0,1,0,1,0,0,0, , , , , , , , , , 
Cand03822,1,1,0,1,1,1,0,0,0,0,1,1,0,1,1,0,0,0,1,1, , , , , , , , , , , , , , , , , , ,1,0,1,0,1,0,0,0,0,0, , , , , , , , , , , , , , , , , , , , 
Cand03830,0,1,0,1,0,1,0,1,0,1,1,1, , , , , , , , ,0,1,1,0,0,0,0,0, , , , , , , , , , ,1,1,1,1,1,0,1,1,0,0, , , , , , , , , , , , , , , , , , , , 
Cand03840,0,0,0,1,0,0,0,0,0,0,1,0,0,0,1,0,0,0,1,0, , , , , , , , ,0,0,0,0,1,0,0,1,0,1, , , , , , , , , , , , , , , , , , , , , , , , , , , , , , 
Cand03845,1,1,0,1,1,1,1,1,0,0,1,0, , , , , , , , ,0,1,0,0,1,0,1,0, , , , , , , , , , ,0,1,1,0,1,0,0,1,0,0, , , , , , , , , , , , , , , , , , , , 
Cand03850,0,0,0,0,0,0,0,0,0,0,1,0,0,1,1,0,0,0,0,1, , , , , , , , ,0,0,0,0,1,0,0,0,0,1, , , , , , , , , , , , , , , , , , , , , , , , , , , , , , 
Cand03854,0,1,0,1,0,1,0,1,0,0,0,0,0,1,1,0,1,0,1,1, , , , , , , , , , , , , , , , , , ,0,1,1,0,1,0,0,1,0,0, , , , , , , , , , , , , , , , , , , , 
Cand03862,0,1,1,1,1,1,1,1,1,1,1,0, , , , , , , , ,1,1,0,0,0,0,1,0, , , , , , , , , , , , , , , , , , , , , , , , , , , , , , , , , , , , , , , , 
Cand03870,0,1,0,1,0,1,1,1,0,1,1,1, , , , , , , , ,1,1,1,0,0,0,1,0, , , , , , , , , , ,1,1,0,0,1,0,0,1,1,1, , , , , , , , , , , , , , , , , , , , 
Cand03873,0,1,0,1,1,0,0,0,0,1,1,1,0,1,1,0,1,0,1,1, , , , , , , , , , , , , , , , , , ,0,1,1,0,0,0,0,0,0,0, , , , , , , , , , , , , , , , , , , , 
Cand03880,0,0,0,0,1,1,0,1,0,0,1,1,0,1,0,0,0,0,1,1, , , , , , , , , , , , , , , , , , , , , , , , , , , , ,1,1,0,0,0,0,0,0,0,0, , , , , , , , , , 
Cand03881,0,1,0,1,1,1,0,1,0,0,1,0,0,1,1,0,0,0,1,1, , , , , , , , , , , , , , , , , , ,0,0,0,0,1,0,0,1,0,1, , , , , , , , , , , , , , , , , , , , 
Cand03885,0,1,1,1,1,0,0,1,0,0,1,0,1,1,1,0,1,0,1,1, , , , , , , , , , , , , , , , , , ,1,1,1,1,1,0,0,1,1,0, , , , , , , , , , , , , , , , , , , , 
Cand03894,0,1,1,1,1,1,0,1,1,1,1,0, , , , , , , , ,0,1,0,0,0,0,0,0, , , , , , , , , , ,1,0,0,1,1,0,1,0,1,1, , , , , , , , , , , , , , , , , , , , 
Cand03908,0,1,0,1,0,1,0,1,0,0,1,1,0,1,1,0,0,1,1,1, , , , , , , , , , , , , , , , , , ,1,1,1,0,1,0,0,1,0,1, , , , , , , , , , , , , , , , , , , , 
Cand03917,0,1,1,1,1,1,0,1,0,1,1,1, , , , , , , , ,0,1,0,0,1,1,0,0, , , , , , , , , , ,1,1,1,0,1,0,1,0,0,0, , , , , , , , , , , , , , , , , , , , 
Cand03926,0,1,0,1,0,0,0,1,0,1,1,0,0,0,1,0,0,0,1,1, , , , , , , , , , , , , , , , , , , , , , , , , , , , ,0,0,0,1,0,1,1,0,0,0, , , , , , , , , , 
Cand03931,0,1,0,1,1,1,0,1,0,1,1,1, , , , , , , , ,0,1,0,0,0,0,0,0, , , , , , , , , , ,1,0,0,0,1,1,0,1,0,1, , , , , , , , , , , , , , , , , , , , 
Cand03952,0,1,0,0,0,1,0,0,0,1,1,1,0,1,1,0,0,0,1,1, , , , , , , , , , , , , , , , , , ,0,0,0,0,1,1,0,0,1,0, , , , , , , , , , , , , , , , , , , , 
Cand03977,0,1,0,0,0,0,0,1,1,0,0,0,0,0,0,0,0,0,1,1, , , , , , , , ,1,1,1,1,1,0,0,1,0,0, , , , , , , , , , , , , , , , , , , , , , , , , , , , , , 
Cand03978,0,1,0,1,1,1,0,0,0,0,1,1, , , , , , , , ,0,0,0,0,0,0,0,0, , , , , , , , , , , , , , , , , , , , ,0,1,0,1,0,1,1,0,1,0, , , , , , , , , , 
Cand03983,0,1,0,0,0,0,0,1,0,0,0,0,1,1,1,0,0,1,1,1, , , , , , , , , , , , , , , , , , ,0,1,0,1,1,0,0,1,0,1, , , , , , , , , , , , , , , , , , , , 
Cand03995,0,1,0,1,0,0,0,0,0,0,0,1,0,1,1,0,0,0,0,1, , , , , , , , ,0,1,0,0,1,0,0,1,1,1, , , , , , , , , , , , , , , , , , , , , , , , , , , , , , 
Cand03997,0,0,1,1,0,1,0,1,0,0,1,0,1,1,1,0,0,1,1,1, , , , , , , , , , , , , , , , , , ,1,1,1,0,1,1,0,1,1,0, , , , , , , , , , , , , , , , , , , , 
Cand04001,0,1,0,1,1,1,0,0,0,0,1,0,0,1,1,0,0,0,1,1, , , , , , , , , , , , , , , , , , ,1,1,1,0,0,0,0,0,0,0, , , , , , , , , , , , , , , , , , , , 
Cand04012,0,1,0,1,0,0,0,0,0,1,1,1,0,1,1,0,0,0,1,1, , , , , , , , , , , , , , , , , , , , , , , , , , , , ,0,1,0,0,1,0,0,0,0,0, , , , , , , , , , 
Cand04022,1,1,0,1,1,0,1,1,0,1,1,0, , , , , , , , ,0,1,1,0,0,1,1,0, , , , , , , , , , , , , , , , , , , , , , , , , , , , , , , , , , , , , , , , 
Cand04023,0,1,0,1,0,1,0,0,0,0,1,0,1,1,1,0,0,0,1,1, , , , , , , , , , , , , , , , , , ,0,1,0,0,1,0,0,1,0,1, , , , , , , , , , , , , , , , , , , , 
Cand04036,0,1,0,1,1,0,0,1,0,1,1,1,0,1,1,0,0,1,1,1, , , , , , , , , , , , , , , , , , ,1,1,0,0,1,0,1,1,0,1, , , , , , , , , , , , , , , , , , , , 
Cand04042,1,1,0,0,1,1,0,1,0,0,1,0, , , , , , , , ,1,0,1,0,0,0,0,0, , , , , , , , , , ,0,0,1,1,1,0,0,1,0,1, , , , , , , , , , , , , , , , , , , , 
Cand04049,1,1,1,1,0,1,0,0,0,0,1,1,1,1,1,0,0,1,1,1, , , , , , , , , , , , , , , , , , ,1,1,1,0,0,0,0,1,0,1, , , , , , , , , , , , , , , , , , , , 
Cand04050,0,1,0,1,1,1,1,1,0,0,1,0, , , , , , , , ,0,1,0,0,0,0,1,0, , , , , , , , , , ,0,0,1,1,1,1,0,0,0,1, , , , , , , , , , , , , , , , , , , , 
Cand04051,0,1,0,1,1,1,0,1,0,0,1,0, , , , , , , , ,0,1,0,0,1,0,1,0, , , , , , , , , , ,1,1,1,0,1,0,0,1,1,1, , , , , , , , , , , , , , , , , , , , 
Cand04059,0,0,1,0,1,0,0,0,0,0,1,0,0,1,1,0,0,0,1,1, , , , , , , , , , , , , , , , , , , , , , , , , , , , ,0,0,0,0,0,1,1,0,0,0, , , , , , , , , , 
Cand04070,0,1,0,1,1,1,0,0,0,1,1,1, , , , , , , , ,0,1,1,1,0,0,1,0, , , , , , , , , , ,1,1,0,1,1,0,0,1,0,0, , , , , , , , , , , , , , , , , , , , 
Cand04083,0,1,0,1,0,0,0,0,0,0,1,1,0,1,1,0,0,0,1,1, , , , , , , , , , , , , , , , , , , , , , , , , , , , ,0,0,0,0,0,0,1,0,0,0, , , , , , , , , , 